id,name,type,start_date,distance_km,moving_time,moving_time_hms,avg_speed_kmh,kilojoules,map_summary_polyline,NM_UF,NM_MUN
18641495520,Evening Run,Run,2026-05-24 22:26:41,10.013,3612,1:00:12,9.979199999999999,990.4,,,
18627394367,Evening Run,Run,2026-05-23 22:04:59,5.013,3115,0:51:55,5.7924,483.8,,,
18626897572,Afternoon Run,Run,2026-05-23 19:51:55,0.911,101,0:01:41,32.472,22.9,,,
18626897690,Afternoon Run,Run,2026-05-23 19:35:58,7.219,933,0:15:33,27.8532,204.8,,,
18626897694,Afternoon Run,Run,2026-05-23 19:21:01,6.829,870,0:14:30,28.256400000000003,194.7,,,
18626897832,Evening Run,Run,2026-05-22 21:35:53,6.007,2165,0:36:05,9.99,697.1,,,
18626897579,Afternoon Weight Training,WeightTraining,2026-05-22 20:14:45,0.0,2323,0:38:43,0.0,0.0,,,
18626897574,Afternoon Run,Run,2026-05-22 20:10:11,0.25,190,0:03:10,4.7376000000000005,0.0,,,
18601559738,Evening Walk,Walk,2026-05-21 21:27:44,4.236,3370,0:56:10,4.5252,0.0,,,
18601559662,Afternoon Weight Training,WeightTraining,2026-05-21 20:44:49,0.0,2438,0:40:38,0.0,0.0,,,
18601559676,Afternoon Run,Run,2026-05-21 20:37:49,0.458,329,0:05:29,5.0112,0.0,,,
18601559672,Evening Workout,Workout,2026-05-20 23:20:29,0.0,3556,0:59:16,0.0,0.0,,,
18587924075,Afternoon Run,Run,2026-05-20 20:53:40,5.009,1635,0:27:15,11.0304,233.9,,,
18587923929,Morning Weight Training,WeightTraining,2026-05-20 10:16:40,0.0,2489,0:41:29,0.0,0.0,,,
18587923897,Morning Run,Run,2026-05-20 10:09:36,0.443,306,0:05:06,5.2128,0.0,,,
18574231124,Evening Run,Run,2026-05-19 21:02:21,6.006,2441,0:40:41,8.856,723.9,,,
18561154312,Evening Walk,Walk,2026-05-18 22:05:37,5.333,3057,0:50:57,6.282000000000001,0.0,,,
18539618355,Morning Run,Run,2026-05-17 09:06:06,4.882,1454,0:24:14,12.0888,513.0,,,
18534298193,Afternoon Run,Run,2026-05-16 18:42:56,5.518,3724,1:02:04,5.3352,0.0,,,
18521485741,Evening Run,Run,2026-05-15 21:04:30,4.101100000000001,1481,0:24:41,9.9684,450.1,dmoKnpeaHyA?k@EsGgBq@IKDMR]nACLBHNLvCvAfCtAZL`@HVDxC@dCInFW`CWPEDE@Kg@{CIIMAiPTk@?g@IoGeBg@GODO\Wv@CV?HDD|@f@lB|@lCvAh@N`@DfCBr@?`CIvDU~C[FAFG?Mg@uCGKGCyA?oDHoIHq@K_Cq@iDy@S?EDIN_@rAALBFNJrCrAbAl@dBz@v@NhCB|@AxBI,Pará,Mãe do Rio
18509889518,Evening Walk,Walk,2026-05-14 22:13:15,0.5739,525,0:08:45,3.9348,0.0,,,
18509889776,Evening Run,Run,2026-05-14 21:41:21,4.0091,1576,0:26:16,9.1584,482.7,bmoKjpeaHw@@_AC}Ac@_@ADDFAAEc@ScCo@q@GKBMR_@pACTDJPN~GnD\Ll@HvCD|BGvEStBU`AULK?U]_CKUSGoQTu@IqEqAgBYKDIP_@pAC^`@TnFnC`@Th@Pl@HpBBlBCrGWhA[|AOFCDGAMa@oCEGKGSBAEe@?iEHiHFs@?k@IsCy@{Co@`ATjFzA\F~@BhCC,Pará,Mãe do Rio
18496198329,Afternoon Run,Run,2026-05-13 20:50:53,4.882,1655,0:27:35,10.620000000000001,536.2,ln_LnfhaH}CC_CBiEIi@BKDKZIdBQn@]fAMp@EhAHhDARKFU@aD@kDO}@EMDGXWnDYzCE~@BLFDNBbADfILzAAbCDbHEnHHpA?`@BNHRXXfFJv@Lj@lB~DtAtBRRNBT?b@MxBa@pCm@`@EtEHrCHZ?LCXUr@cAZo@p@mCRoAj@_C~@oCr@iB`@sArDqKVaAXm@|@mCZw@V_A@IAIKGOEcAA{F?yMG}I?mDE_C?,Pará,Aurora do Pará
18496198216,Morning Weight Training,WeightTraining,2026-05-13 10:12:55,0.0,2280,0:38:00,0.0,0.0,,,
18496198228,Morning Run,Run,2026-05-13 10:06:03,0.435,325,0:05:25,4.816800000000001,0.0,,,
18483564539,Evening Run,Run,2026-05-12 21:12:29,5.0058,1713,0:28:33,10.519200000000001,548.3,|loKjpeaH}@@m@Ci@KsF{Au@IKDEFa@rAERDJ`@XlAj@zDrBd@PZFnCDvAAvCQpBC`Ee@FABE?KWsAMaAGMSEyIPsFDo@GeGeB_@IOAQDQRWt@C`@@HJR^XrG`D^Lj@FrDBtH_@vCY\KDEBG?GOe@WmBKKME[Ay@FyEFeHF_@Ee@KeCw@uAYeAQQHQ\KZGl@DPJJr@b@xCxApAp@\Nj@LhB@bCAjDQ~AG~@Gn@SdAKHK?MYkAK{@EMMG[CuAFcGD{DFi@Ai@Gm@SmG{ArElAtAb@f@H_@En@D,Pará,Mãe do Rio
18482759335,Afternoon Weight Training,WeightTraining,2026-05-12 20:12:35,0.0,2598,0:43:18,0.0,0.0,,,
18482655660,Afternoon Ride,Ride,2026-05-12 20:06:51,0.018600000000000002,49,0:00:49,1.3644,0.0,,,
18469419384,Evening Run,Run,2026-05-11 21:15:11,4.0066999999999995,1341,0:22:21,10.7568,436.9,ploKljfaHiIeCqBq@iAYs@Im@M{GuBUEOAWLQBAXCXm@~B_BjEg@`Be@pASn@kA~Ci@fBe@`Ak@bBs@jBSr@iB~Es@|Be@lA]dAaAdCK^Gj@EDJFTHpBl@p@VvDbAbBj@tAZrBn@rCr@zBp@~@R~Bp@nA^`@PdB^fCr@b@P^HNSH]d@uE`@uEJw@F?EI@WHi@RcArAqEhCcHfBqFZu@,Pará,Mãe do Rio
18430123430,Afternoon Run,Run,2026-05-08 20:20:08,5.8114,2077,0:34:37,10.0728,650.4,xloKjpeaHmA@o@GaHmB]GQDOXW~@iAdDg@fBkBzFGj@@HFJTLbBd@RDx@DXF~@ZbBf@hGpBpF~Az@^b@\RLb@PpBj@Xd@r@X`A|@dB^r@RdChAnEbBjHdC~@Vl@VhFhBlDfAhGrBfAXfCz@R@b@Od@ENANDrBl@fMdEp@P|IxCtBj@lATvARtCNxHF~AApJHvPDpGFrQHPBNJPBvE@lBBFBBDBZId@_@`AGj@i@|A]`@uDrK,Pará,Mãe do Rio
18417686555,Afternoon Run,Run,2026-05-07 20:17:41,4.3021,1498,0:24:58,10.3392,468.2,z~oK`weaH?i@OiAQg@Ky@GIGAQ@IBME_@AeLNmB?o@IuEsA_BWIDCFm@lBBNLLhDbB|Az@JBBEeAo@wEcCKHvBbA~DxB\Lj@HrABbB?pHYfCU|@SeE`@iABwBL_DFaCCg@I]KiGeDu@UxGnDt@\f@J`@@nB@jAAzDO|AI`CUz@OCAcE`@kBF_DN}@@_@DJBhBE~BKjDQ`AMl@CKAd@AD?FFBT,Pará,Mãe do Rio
18417686427,Afternoon Run,Run,2026-05-07 16:11:19,0.547,340,0:05:40,5.7924,0.0,,,
18417686441,Lunch Weight Training,WeightTraining,2026-05-07 15:32:23,0.0,2274,0:37:54,0.0,0.0,,,
18417686432,Lunch Run,Run,2026-05-07 15:25:13,0.428,308,0:05:08,5.004,0.0,,,
18405382608,Evening Run,Run,2026-05-06 22:00:53,5.8455,2101,0:35:01,10.0152,658.5,xloKhpeaHcABy@Ga@KwGiBQ?MNsA|Dc@~AsA~Dg@hBwAlDg@bBeArCa@pAgAtCyAxE]z@uD`Ly@vBcDzJ_AfCCR@HHJXLxCx@\NxBd@v@X`ATdDbAnBf@tA`@z@RhLdDb@FHAHIFQnAkONaAXqAv@cCt@sBf@_Bz@yBfDuJpBuFX_@Zk@Jk@Cc@ESOKmC{@{@k@mAc@uAc@{Bm@oHaCeD_Ao@Gm@O_Bg@GEAI@O^gAVo@fCeIRk@JKLBNFzF|C~@b@XFX@jD@,Pará,Mãe do Rio
18405383351,Morning Run,Run,2026-05-06 10:19:11,2.952,2402,0:40:02,4.4244,0.0,,,
18405382612,Evening Walk,Walk,2026-05-04 22:12:04,2.643,1900,0:31:40,5.0076,0.0,dloKjpeaHo@@s@E_IwBE?HHZLdElAjAVp@H~DCtCGfCAfBGDCICy@@iKPyC?kIyBd@PxF`B^Hj@F`MOzAEH@C?TEZ@HH`@pCD|@,Pará,Mãe do Rio
18356970299,Morning Run,Run,2026-05-03 09:08:32,5.7853,1831,0:30:31,11.376000000000001,616.3,`_oKdzcaHXt@@RALW|@QfAi@jBS`AiAnEe@xAEHO@yAa@c@QkD}@SCMBKJMTGDI@g@IgDw@}@Wg@KSKGMBQd@{AViA^uBDcAG_DEi@GMUEwABqAEUDOTi@`CcAfD}AxCe@lAIb@[~DG`@M`@yBdFWz@AHBJFFLHfErAhFrA`AZlAd@xA`@hB`@n@RnAVdBh@LTAJUv@MbAm@dC?FBFTLrDjAdD~@NBHCFEJQnBkGLWJITBbG`BxANnFCxGO|@CLADMGw@?m@Hu@XeACQOOQIyAc@wCiAuAc@KI?Mz@cCZqA@IEGWM_Ck@uCy@oCo@OEEE@UhAmDt@mCbAsEf@qBvBaL?IEGQGmAGeE_@,Pará,Mãe do Rio
18304720077,Morning Run,Run,2026-04-28 10:43:46,1.014,662,0:11:02,5.5152,0.0,,,
18304720132,Morning Weight Training,WeightTraining,2026-04-28 10:11:41,0.0,1893,0:31:33,0.0,0.0,,,
18289568855,Morning Run,Run,2026-04-28 10:04:34,0.481,331,0:05:31,5.2308,0.0,,,
18284567961,Evening Run,Run,2026-04-27 21:08:03,5.876399999999999,2457,0:40:57,8.6112,711.3,z~nK~ycaH^v@@LCPgEdQO`@EBI?[GmBq@sDaAMAGBSj@IBkB_@kEeAQIEK?Ur@oCf@kC@_AC}@@cBAc@KOKGKAaB@kAGUBKRm@fCs@dC]z@_BrC[z@Ih@Ez@UnCM`@q@`BS\u@hBU|@CTDNFHLHdBl@|Br@\HdARhBf@pA^pBv@x@T~Bj@pB^nA`@DDAD{AjG?JFNFDhA\fA`@|EvAJ?FGRg@NQj@qBZy@V}@N[HERBbBh@bCn@r@RZHf@D^@jBGfDAlBGpCATGHGDIImA@k@d@qB?QGOGGSIsA_@gAa@sDoAIGxAeEF_@EM[OgEgA}Ae@i@Oi@Io@MOIAGBIZeAPa@x@wClAiFz@gDPy@ZmBfAkFCQMIcAEoEa@a@I[U,Pará,Mãe do Rio
18284567473,Morning Run,Run,2026-04-27 10:48:28,1.024,621,0:10:21,5.9364,0.0,,,
18284567488,Morning Weight Training,WeightTraining,2026-04-27 10:11:08,0.0,2177,0:36:17,0.0,0.0,,,
18284567479,Morning Run,Run,2026-04-27 10:03:16,0.467,315,0:05:15,5.338800000000001,0.0,,,
18272576677,Evening Run,Run,2026-04-26 22:26:45,5.0102,1709,0:28:29,10.5552,548.6,|loKnpeaHuA@k@EaGcB}@MOBKJa@tACN@HHJfEvB|@h@z@^l@JvBDx@AhGWfBK`AK~@MLEBGe@{CEIKEcAAaAD}ILwB?k@IkEmAk@Iw@SO?GDIP_@pACNFJXRdD~AlBdAPHXFd@D|@Dz@?nAClIa@dCYJE@K]mBGk@EGKEc@AwLPyB?c@GwEmAcB[KAG@GHe@|ACLBJl@ZpAn@b@^tBjA`@Rh@Lp@FfD?pDOnAIb@MhAGlBULGBMc@yCGGKCi@CwNRs@?g@IuGgBi@SI?GD@DDBXDr@T,Pará,Mãe do Rio
18232368002,Evening Run,Run,2026-04-23 21:59:24,5.8374,2374,0:39:34,8.852400000000001,697.0,j_oK|zcaHJd@C`@iApEk@lCY`Ag@xBUx@EFG@kF}AuA]MCKDWf@EDG?gAYu@O}DaAKEEI?Q\kANs@f@eCD]BeAAmBEkACKEEKGKAaB?kAGQBKPMz@eA~Dq@dBqA`Ca@jAGV[`EETSp@g@nAU\g@jAa@zAAL@LJJhAZbDhAdDr@rGvBtDz@n@LjBj@FFAFQn@Mx@u@zCANFRLHl@Lp@TnAb@fAXtAb@VDJAJGVy@V[Lg@`A}CN]FET@^N~FdBn@HdA?hBC~BG~AAf@ClAAt@ENAXIDGDQAe@?mARqA@YEO_@WuAa@kDkA{@[US?K~AmE?MCIOIiG}Aq@UyBc@OK?OR{@fBaGz@yDZmAZcBV_AxAaIEOOGoGg@]K]W,Pará,Mãe do Rio
18232368107,Afternoon Football (Soccer),Soccer,2026-04-21 19:30:05,3.0754,2915,0:48:35,3.798,0.0,,,
18232367881,Afternoon Run,Run,2026-04-21 19:19:20,0.5437000000000001,254,0:04:14,7.7076,64.1,,,
18110889165,Evening Run,Run,2026-04-14 21:24:23,4.0489,1719,0:28:39,8.478,465.9,hmoKjpeaHqA@s@GoGaB{@IGBEHe@bB@JRPnAj@|EfCZJVD`DD~BGzCQd@?~Da@PEDG]oBGk@EKQGa@AaCHiE@iDF}@Ai@GwDaAe@EiA[WCGBILe@|ABJHF~FvCd@Z`@NXHZBrC@~BElCQz@?dEg@DGAKMk@WkBMIKCi@AqJPmD@g@Co@Km@U_Co@q@G{@QIBCFc@zA?LFHTNXJZRx@^nDnBj@PVBrC@tBI,Pará,Mãe do Rio
18110888884,Morning Weight Training,WeightTraining,2026-04-08 10:24:14,0.0,2192,0:36:32,0.0,0.0,,,
18110888880,Morning Run,Run,2026-04-08 10:17:43,0.466,313,0:05:13,5.3604,0.0,,,
18110888737,Afternoon Weight Training,WeightTraining,2026-04-07 16:03:54,0.0,1352,0:22:32,0.0,0.0,,,
18110888793,Lunch Run,Run,2026-04-07 15:57:08,0.501,331,0:05:31,5.4504,0.0,,,
18005464985,Evening Run,Run,2026-04-06 21:02:17,5.009600000000001,1756,0:29:16,10.270800000000001,547.2,zloKnpeaHoABa@AyGkBo@KMBKNUr@On@DJHFzBdArDnBx@RfDBj@AxH]xC[FADIe@}CGIKEw@?uCHaJJg@Ac@G{C{@uAUaAYO@EBWn@Od@ER@JLJhDbBhB`A\P\Jj@FpCBxH[|BShAOHE@Me@uCCIECYAiBFiFDwCF}AAc@EaEiAq@KaAUGAKDO`@W`ACNDHnCrArC~Ad@RRDd@BxD@tH_@fD]HE@Ke@sCCIKE]CwADgLNgAAYEeFwA{A_@@BFDbD|@,Pará,Mãe do Rio
18005464694,Morning Run,Run,2026-04-06 10:36:42,1.233,796,0:13:16,5.5764,0.0,,,
18005464736,Morning Weight Training,WeightTraining,2026-04-06 10:01:59,0.0,2062,0:34:22,0.0,0.0,,,
18005464859,Morning Run,Run,2026-04-06 09:55:13,0.489,310,0:05:10,5.6772,0.0,,,
18005464927,Morning Football (Soccer),Soccer,2026-04-05 12:45:42,0.7126,957,0:15:57,2.682,0.0,,,
17981340096,Afternoon Run,Run,2026-04-04 19:10:43,5.073,2935,0:48:55,6.2208,0.0,,,
17981339867,Lunch Weight Training,WeightTraining,2026-03-31 15:50:56,0.0,1883,0:31:23,0.0,0.0,,,
17981339852,Lunch Run,Run,2026-03-31 15:43:21,0.477,340,0:05:40,5.050800000000001,0.0,,,
17981340328,Evening Run,Run,2026-03-30 21:44:40,3.0086999999999997,1493,0:24:53,7.2540000000000004,327.9,rloKjpeaHmABi@EcFsAcAU_@CI@GH]lAGZFPPNxAv@xDnBf@R`@Fn@EnD?`CMx@AvBMxC[FG?IIe@McAMm@EIIC]AwMRoBAWEcAWmCw@a@CeAWI?EBSf@Wv@CR@FNP\RbG~Cd@N^Hf@BxB@vDMlDO`D]F@BBB\,Pará,Mãe do Rio
17981339856,Afternoon Weight Training,WeightTraining,2026-03-30 20:35:04,0.0,2688,0:44:48,0.0,0.0,,,
17981339853,Afternoon Run,Run,2026-03-30 20:29:16,0.534,318,0:05:18,6.0444,0.0,,,
17981340095,Morning Weight Training,WeightTraining,2026-03-28 13:10:40,0.0,11224,3:07:04,0.0,0.0,,,
17981339864,Morning Run,Run,2026-03-28 13:02:21,0.497,346,0:05:46,5.1696,0.0,,,
17881166706,Afternoon Run,Run,2026-03-27 20:41:20,4.3321000000000005,2173,0:36:13,7.1784,484.6,bmoKnpeaHaA@u@GgG_Bc@KOAU@GDUh@Uv@AHDHTNrAl@pCvAr@b@ZLVFl@FnCBnAE|FYrD_@FG?Ig@yCIKUCeBDcA?iA@{GNi@?w@K_B_@uAa@e@E_B_@GACBS`@Y`A?NFH^TzBdAxC|A~@TxC@lCExBM|@I~@CxAQl@EFE@Ie@wCIMQEqORaACOC}@SoCu@]?g@I}@WEICRS`@[jAJPZRdAn@|At@pBfAZJZFjBBfBAhH[tD[D@BD,Pará,Mãe do Rio
17881166470,Afternoon Run,Run,2026-03-27 17:21:33,1.1643,1917,0:31:57,2.1852,0.0,,,
17881166259,Afternoon Weight Training,WeightTraining,2026-03-27 16:52:37,0.0,1676,0:27:56,0.0,0.0,,,
17881166499,Evening Run,Run,2026-03-25 21:38:01,4.2093,2548,0:42:28,5.9472,0.0,,,
17833002048,Afternoon Run,Run,2026-03-23 20:34:14,6.0196000000000005,3445,0:57:25,6.2892,0.0,,,
17822047706,Evening Walk,Walk,2026-03-22 21:34:01,4.2208000000000006,2473,0:41:13,6.1452,0.0,h~oK|teaH]{BCYEIGCu@?e@BmBDeKJo@IiEiAkBm@E?AB@DFB`ATfFxAj@H|@?jGK|A@zBGLEDDJAXC@CAAiINc@?sDD_A?{@SyGkBE?CBDDVH|@TrEpAx@J~MSlAGd@?DA@C}@DqAD[Aa@BkKJYC{@UeGcBEAABDFNFpEpAfAVl@HvKMhBGr@Ej@BFBBLBb@\lBDf@,Pará,Mãe do Rio
17822047641,Afternoon Run,Run,2026-03-21 19:30:23,6.1868,4098,1:08:18,5.436,0.0,,,
17822047642,Evening Run,Run,2026-03-18 21:46:58,4.1936,3113,0:51:53,4.8492,0.0,,,
17822047713,Morning Run,Run,2026-03-15 08:50:42,6.0333000000000006,2222,0:37:02,9.774,667.0,lznKlueaHW|@mBhGSd@GHOAuC_AcBc@MAWLK?gEqAMAY@QEu@SsAe@gIaCsBs@uAa@[WOIuA_@u@[_A[_G_BqBq@{C{@_A]qOyEuEsAwE{AoJoCqFcBwA_@oEwAuA]oC}@yU}GmBo@yF_BqAa@kFyA_IaCmAYeBk@wIeCw@Y_D{@{Ag@cAWmDcAg@QoBi@KCUBM?_D}@{NkEs@OiHuBkDmAiEmAkAWcCs@i@SsF_B,Pará,Mãe do Rio
17822047581,Afternoon Run,Run,2026-03-14 20:23:12,1.0839,753,0:12:33,5.180400000000001,0.0,,,
17822047582,Afternoon Weight Training,WeightTraining,2026-03-14 19:44:00,0.0,2319,0:38:39,0.0,0.0,,,
17822047576,Afternoon Run,Run,2026-03-14 19:37:57,0.42119999999999996,309,0:05:09,4.9068000000000005,0.0,,,
17822047590,Morning Weight Training,WeightTraining,2026-03-12 11:09:09,0.0,2155,0:35:55,0.0,0.0,,,
17822047635,Morning Run,Run,2026-03-12 11:02:28,0.49110000000000004,381,0:06:21,4.6404,0.0,,,
17690287176,Afternoon Run,Run,2026-03-11 20:39:04,5.656,3129,0:52:09,6.5088,574.4,|loKlpeaHiABa@AsAa@{DcA{@IQ@ILa@jAEVFP^VdFjChAf@ZFZB`E@jIe@dAKfAYDE?KSaAQqAIMOE}NTuA@e@ImFyAm@Ga@IIBKRYbAGXAJBHHFTH|BpAfD`Bp@NhCBlACnBKt@?d@ErAENE^Ot@MpAOBE?EMk@UgBEMMEcAAaEJaEBcABmA?qAYsBk@a@AaAYw@OG?GFc@tAEXBLJJ~@d@lAr@dD`B^Jb@D`DBtGWTEh@QhDa@BE?ISaASsAGEo@Iu@DkEFw@?sDDcA?q@MyGkBM??DHFt@PdFzAh@H|A@tBE|BGf@?lBAbBMV@LDBDb@lCDp@,Pará,Mãe do Rio
17690286217,Afternoon Weight Training,WeightTraining,2026-03-11 16:39:50,0.0,2317,0:38:37,0.0,0.0,,,
17690286205,Afternoon Run,Run,2026-03-11 16:32:51,0.5079,374,0:06:14,4.888800000000001,0.0,,,
17690287471,Evening Walk,Walk,2026-03-10 22:02:22,0.1152,191,0:03:11,2.1708,0.0,,,
17678401140,Evening Run,Run,2026-03-10 21:14:39,7.3682,2692,0:44:52,9.853200000000001,817.5,zloKnpeaHwA@[EiHoB_@EI@GHk@dBAJ@RGAE?QPkEpN[d@mAtD{AfESt@Wj@Kb@]z@k@jBe@jAsBdGmBzF[dA[x@_@hAYd@GBIAw@SuDqAsAa@yKqDe@I]Aq@FkBVqD^o@Jc@Lg@X}@`As@p@sB|AsAz@[d@IZ]jC_@`EKn@?VDDNHfFzAp@THFGZuBvGId@?FFHHH^LpCx@bErA`B`@l@RvCx@L?HGJWf@sBhBgFdAqDp@}AjCqITe@jD{JJc@zA_EjCwHLM`@ItBv@^JX@LKj@kBRg@Pk@nAyDfAuCtAgEXu@^qAv@gBPs@jBwFz@wCVo@LCPFbCrAdD|Aj@LbAFlC?~CKjAIr@CzD]PEFE@Mi@uCCGGAa@?\?NHDJPfA,Pará,Mãe do Rio
17674288147,Afternoon Weight Training,WeightTraining,2026-03-10 16:15:14,0.0,1530,0:25:30,0.0,0.0,,,
17673976874,Afternoon Run,Run,2026-03-10 16:10:38,0.3201,214,0:03:34,5.3856,0.0,,,
17665306411,Afternoon Run,Run,2026-03-09 20:35:14,6.284,2366,0:39:26,9.5616,690.9,bmoKjpeaHuA?g@EaD{@qAY}@YMAKBIL_@jAGXFRRPxGhDd@Pb@FtADrAA~H[zAOb@Ox@KFG?Ic@sCEKGAYDOI]AMDWAuELu@AuDFq@Aa@Gk@Mm@IcFsAKHO\Sn@GZ@FJHlAh@|@f@|Av@dAj@TJ`@FjABnC?dG]dDYPFRDFBDHDf@E\YfA?JPJbBh@VJDH?FO~@@FDFNF|@V~Af@NF?@_Cy@eA[EE?INi@@S?IGK_@QcBg@IGAIHm@Nm@Bq@Gy@_@gCCKGEOCo@?{BJsA?gAB_GDk@GyCy@aBYaAYGBINg@~A@JHFrAl@bFlC^JRBfBB|AArDS|BEvDe@DC?Kg@wCGGSE}@Nm@Bw@K_B?K@OJODKIWCyCDoAA}@G[@YGeCw@yBk@GBIPa@tAAHFNVVjBfAvCxATFnANvC@n@An@G`BK,Pará,Mãe do Rio
17665305869,Afternoon Run,Run,2026-03-09 16:27:10,1.0178,631,0:10:31,5.8068,0.0,,,
17665305867,Afternoon Weight Training,WeightTraining,2026-03-09 16:02:19,0.0,1441,0:24:01,0.0,0.0,,,
17665305791,Lunch Run,Run,2026-03-09 15:55:33,0.5121,385,0:06:25,4.788,0.0,,,
17641187601,Evening Run,Run,2026-03-07 21:06:56,3.0538000000000003,1660,0:27:40,6.6240000000000006,302.4,r~oKvveaHCu@I]C_@Mm@Ag@AGECs@@gAAgKNmB?[G_A[yBk@aBg@WGE?ABd@RnEnAx@Pd@FdEApCGZ@`ACt@@fAEn@?DCCCY?yBFyJNkAAm@KeGeBg@MG@BFFBdATnErAVF\BlE?dCIlA?v@EdA?|@EL?FBBFJ|@,Pará,Mãe do Rio
17641187626,Afternoon Football (Soccer),Soccer,2026-03-05 18:46:56,1.8462,1847,0:30:47,3.6,0.0,,,
17641187409,Afternoon Workout,Workout,2026-03-05 17:29:09,0.0,3987,1:06:27,0.0,0.0,,,
17614227028,Evening Weight Training,WeightTraining,2026-03-04 23:18:52,0.0,912,0:15:12,0.0,0.0,,,
17607031964,Evening Run,Run,2026-03-04 22:11:35,5.014600000000001,1812,0:30:12,9.9612,542.9,zgivDhnrwHRa@DUAMMYMg@J]fA{@dBeAvAkANCd@C\MNMZe@hDwBp@[`@EJENQDSAOISMGMCODMFaDbDaAv@g@Zs@XWNONw@bAQNyDrC{@j@MN?HBHLDVK~EqDbAo@HEf@ERILK`@g@\[lByAhAq@x@_@JQBOAQIMSIUDuAnAgCnB_@TgAZSRa@p@{@v@gCbBc@^cAl@EJBNJDLEvCyBjCcBVKh@EPIRS`@i@tAkAzAcAtAq@HKBSCSIKOGSBKH]d@YTo@h@cBjAa@T_AVUNUTQb@[XqA`AaEnCGJFRHBNIpCkBvAgA|@k@RG^CRINM`@m@hDgCXQv@WLINQBMCUEKMIW?OJq@t@}AlAsAv@{Aj@OPSd@_@`@e@ZKACHYVeEvCGD?HFNN?XSjA}@fD_CHK?IEGGEE?MHwAdAmClB,Rio Grande do Sul,Porto Alegre
17607019215,Evening Run,Run,2026-03-04 22:10:56,0.0,2,0:00:02,0.0,0.0,,,
17606518565,Afternoon Run,Run,2026-03-02 16:18:25,2.7199,1821,0:30:21,5.3784,0.0,,,
17606518447,Lunch Weight Training,WeightTraining,2026-03-02 15:46:57,0.0,1687,0:28:07,0.0,0.0,,,
17606518558,Lunch Run,Run,2026-03-02 15:40:39,0.464,314,0:05:14,5.3208,0.0,,,
17545725150,Evening Ride,Ride,2026-02-27 21:17:51,4.5934,1111,0:18:31,14.882400000000002,0.0,vnuK`vhaHbH_SH]B_@CKMIuCGyMIoMEeSOmG?cDE{HC{CEq@EwAOmASyA[cA[eGqBi@OcA]}GuBYMuHcCu@MiAJYEaHcCcKaDmCu@aCw@_JaDuFyBcBs@OQ]U]i@SM{By@?KHg@t@qC,Pará,Mãe do Rio
17545725162,Afternoon Run,Run,2026-02-27 20:29:45,6.012899999999999,2079,0:34:39,10.4112,668.1,rkoKppeaHy@Aa@EeFuAw@S_@EG@GDIRQj@Ml@?HHL^TtGbDr@N`AFzCAxH[vC[H?FDBLA`@Ih@qBhGSb@Op@q@~Ai@~AOn@a@jAAL@FBFLHz@Rz@ZNJZ^TLh@Pt@PnE|ApBl@zDpALHPPl@`@V^LFbCr@`C|@|DnAl@TTNh@RfEnAvAf@rBh@zBx@v@VZDbASNAVBrRjG`@Rz@XtBp@f@LhCx@vA`@|Cf@x@JlBFtBAvEF~@Al@BnID~AB|EBdCAzOLrBAfJHvA?L@XNH@jEBHDDJA\I\[|@In@g@vAILONIN}@hC,Pará,Mãe do Rio
17545725119,Afternoon Weight Training,WeightTraining,2026-02-27 16:44:30,0.0,1595,0:26:35,0.0,0.0,,,
17545725118,Afternoon Run,Run,2026-02-27 16:37:08,0.5162,397,0:06:37,4.680000000000001,0.0,,,
17545725201,Afternoon Run,Run,2026-02-26 20:14:50,7.0201,3805,1:03:25,6.642,0.0,,,
17511022125,Afternoon Run,Run,2026-02-24 20:33:39,5.6547,2524,0:42:04,8.064000000000002,672.3,fdoKprfaHn@kB\kAD]KOgAYeEsA}@a@sBk@_Aa@gEoAmBs@aIaC[GO?KNW`AMfB?tB@rAAbCBn@?hDEf@WzAk@xBIDSE_EsAqD_Ac@QICIBcBpGeCrIwA`Fs@|BCNBPDFPH~C|@fCz@TD|Ad@rC~@xGnBrBh@`@LtBh@`Ct@nDbApAXnCz@~@PJ?HEJMJi@fByFH]AMEIsIgCaBm@}Bq@sBu@cGkBQIIQ@MNk@\{@nBgG\}@FURe@vAiE\u@FGL@nCbA,Pará,Mãe do Rio
17511021902,Morning Weight Training,WeightTraining,2026-02-24 10:47:55,0.0,3161,0:52:41,0.0,0.0,,,
17511021806,Morning Run,Run,2026-02-24 10:41:49,0.37139999999999995,303,0:05:03,4.4136,0.0,,,
17511022027,Afternoon Run,Run,2026-02-23 20:56:48,3.9045,1638,0:27:18,8.5824,453.2,v}oK`jfaHy@tCOr@g@~@YhAw@`CWl@e@zAaBjE_AlCgAvCQTIPAFDFHADGRw@To@?YFW`AoCb@eArA}DfAqCH_@LYJc@Re@H]RWVe@^aBj@mBJs@j@wBf@sAt@oC@OGIIG{Bo@IIJg@Tq@FaAC[Ia@O[UgBEIKEc@AcEL_FDkBDe@Ac@EyEsAkASYCIBEHe@zAAH@HTNdCnApCzAXJj@LjABfD?nAE`CQb@?n@CrCULDDF,Pará,Mãe do Rio
17511021907,Afternoon Weight Training,WeightTraining,2026-02-23 19:49:31,0.0,3411,0:56:51,0.0,0.0,,,
17511021897,Afternoon Run,Run,2026-02-23 19:44:02,0.4234,257,0:04:17,5.9292,0.0,,,
17465528690,Evening Walk,Walk,2026-02-20 21:30:58,1.441,1227,0:20:27,4.2264,0.0,bvnK|_faHNYXaAP_@D[n@iBt@eCJQRw@BGFCH@|@h@zFvCh@NpBH`A?vACzG[nC]H@HDBJAP,Pará,Mãe do Rio
17465528802,Afternoon Run,Run,2026-02-20 20:47:31,7.0137,2545,0:42:25,9.9216,786.1,nloKnjfaHgAa@oCu@yGwBUEeAKkHyBm@IKBILS`@Wr@g@lBa@dAQn@[x@e@`Bk@tAW`Ay@xBo@vBo@nASj@Qf@o@bBaBzEg@bBu@vBSb@kA~Ck@`BG^@PDFJFlK`DjG|ApBn@dEfAfFzArCp@jCx@h@JNGJWZmEt@cIRsALi@n@uBdCiH~@gCnCiIRa@xBoGRc@HKAUIOUO}Bs@kAs@cC{@eIaCmFeBy@Qe@E_@GoFcBq@Km@QK@ONkAdEWn@a@rAWp@g@lBg@lAu@vBo@vBm@|A[n@m@bBi@pAiAjDeAxCkAlDYn@?BFGT{@b@iAxAmE`@cAd@{Al@_Bn@wBf@kAZeAfAsCt@}BPq@bAoC,Pará,Mãe do Rio
17465528680,Afternoon Walk,Walk,2026-02-20 20:36:03,0.4706,445,0:07:25,3.8088,0.0,,,
17465528658,Morning Weight Training,WeightTraining,2026-02-20 10:45:48,0.0,2886,0:48:06,0.0,0.0,,,
17465528660,Morning Run,Run,2026-02-20 10:39:09,0.43710000000000004,335,0:05:35,4.6979999999999995,0.0,,,
17448605577,Morning Weight Training,WeightTraining,2026-02-19 10:08:59,0.0,2201,0:36:41,0.0,0.0,,,
17448605701,Morning Run,Run,2026-02-19 09:40:25,1.0232,482,0:08:02,7.642800000000001,109.7,l`pKt|eaHv@VHJ?PQt@@HFHtEtAlBn@@H{@|BCVFJLH~@XJAFEDIXmAVw@@MCEiA[q@W,Pará,Mãe do Rio
17448605813,Morning Run,Run,2026-02-19 09:09:08,4.5745,1658,0:27:38,9.9324,449.1,pboKjteaH`CrAXLf@JfAD`B@bACvH_@t@IpAWLGBMg@wCEIOGe@CmFJcHF_@Au@MsDaAmBa@S?GFGN_@nAAPDLVRtFvCt@\b@JlBHtB??IB?vBKZEdCIhD[TGBMc@oCGOOI_@CuGLcHB]Ey@S{Cy@_@GoAWI@GHc@tACVBLPPbFfCv@d@l@T|@HlB@~EOb@Er@K|AK`AOx@GPGBKOu@YeBKKKCc@A{BDe@AgCFuEFm@Aq@KsBi@aAMuBk@Q?IFOd@Qr@CNDN\ZxDpB,Pará,Mãe do Rio
17448605723,Morning Run,Run,2026-02-19 08:54:45,1.8446,722,0:12:02,9.198,213.1,jmoKfpeaHcB@u@IoEoAcBYK@GHc@tACTBFJJfClAzC`B^Pj@JtCDbACnDOxCQ~BUFADE?Me@yCIIQCQA}A@_MNm@Cc@I,Pará,Mãe do Rio
17444581903,Evening Run,Run,2026-02-18 21:55:00,6.118,2382,0:39:42,9.2448,692.0,vloKjpeaH_@?c@Bc@C}Bu@]AiBk@eASM?MLQf@YfA@FFFl@\vAn@~CbBl@Tl@FpC@vDO`FYXEpAKFCBG?SY}AIq@GIMEyOT_AAUCs@UcEiAa@Go@MKFGJi@jBBHLHdBx@zDtB`@P`@F`ABtCAnBMzCIdEc@LGBIWwAMcAGIIC_@AuAD{FFeBDcC?kD{@wAc@q@Ci@OIBc@dAOh@?HDDlBbA~DvBRJVDl@F|CB|CQrCIdEc@HG@K]kBGm@GIICQ@OAk@?cDFeCBi@AoDHUCaCk@{@YwA_@u@MI?IBOZ[jACRDJPLr@Xj@VvDtBt@RRD~@BzB?~GYpD_@`@IBG?I_@uBA[GOIAOBOGa@AkB@G@AFBDF@tBGr@AJBHPb@nC,Pará,Mãe do Rio
17444581797,Afternoon Run,Run,2026-02-18 20:54:51,2.3975,2087,0:34:47,4.1364,0.0,,,
17425847318,Afternoon Walk,Walk,2026-02-16 17:36:33,0.6516000000000001,589,0:09:49,3.9816000000000003,0.0,lb|Bxm{fHWj@a@lA_@t@g@lAa@~AQ`A,Pará,Soure
17410817684,Afternoon Run,Run,2026-02-15 20:58:20,7.008,2441,0:40:41,10.3356,745.2,t_mCn{cgH}@EGCGM[eA[k@K[AG@OM[_@yAE[DIvJ}AxBe@xAShDm@zJiBb@CH@JHFL@X?ZC`@[fAIn@Sr@AjAGJUVeB|@s@TgB\}@VGAw@Lu@TyAXwEfAa@Bu@QuBE[CICKQW}@g@cASw@[cBAOBGTKzCe@zBc@rCa@n@Qn@K`AMfF}@xA[lEy@`@ALDFFDND`@Cf@[rAKn@Ux@AR?v@AHIJ{@`@s@`@e@NkAZg@F]JO?k@JkBf@mB`@uBn@{APs@UgAEECa@Da@?CDQMGM]gAm@oAe@_CEYDMLEfGeAdDe@vA]lCa@rJeBx@Qx@KN@NLHXChAU|@Gh@]lA@n@ALK\KN{At@m@NeA\kC^mBj@y@HiFpA[Bq@UmACi@@c@EKEGMYcAg@eASo@[kB?ODGRIlCe@dHiAvA[x@ItCi@zAYbCa@bDs@X?PFFLDR?|@YbBe@|A?jAENEFSLi@Pu@`@g@PuBf@qARi@NmCl@,Pará,Soure
17399854109,Evening Run,Run,2026-02-14 21:04:54,5.0084,1756,0:29:16,10.267199999999999,534.9,xemClmcgHn@IvBa@LEHK?ICSUw@c@yB?MHIvDy@^EHBLIl@OnGkAb@EZMbCg@zASnFcAvFiA`F}@CHwHlAq@RiANkGnAcBV}Bf@SHEF?L\fA\hBNxBDR?VKf@Af@Q~@IB_@d@CRAn@IVSPyBdA{@TqAPqBf@yBb@wFpAS?_@OOAoCGOCEG[iA[m@O_@S{@W{AAQHGdAQbAUzHoAn@Q^En@CXKXAhAY`F{@xCm@bAMLBJJFRB^?XEXi@pBQ|@@^AMKj@KRKJcBbAg@NuB`@eAXiHzA,Pará,Soure
17399854053,Afternoon Run,Run,2026-02-13 19:57:29,5.388199999999999,3263,0:54:23,5.9436,0.0,,,
17368338366,Evening Run,Run,2026-02-11 22:08:04,6.0136,2123,0:35:23,10.1988,628.6,~sivD~awwHlCG^@`AC`CAlACxA@tAIlAYzAq@x@k@b@g@\q@T[Zs@ZeAPcAJiBF[@iAD_@@iAL{BHeDX_GBoAH_CJ{@V}@Xk@Za@VU`Ag@XIZElA@|@Hn@@rBN|DLhDZ~AD`@Hn@T`ADnBAvAEpBUfCIjBO|BGnCOjCAjDLt@Cz@Lp@PfBTdCf@r@Va@YcAWqF_Ao@GiADeAGgACgAF?@EEKCe@E}BNu@?cBH_If@[?_AJwB@sBCaAWk@EG@IEe@EeLk@iDSqAAu@HgAn@]^QXWh@W|@I~@[bIGt@A`BKfBCpAGxA?`@W|EOpAS`A]`A]p@w@jAq@n@{@h@g@Rs@Rc@HyANuBA{DHkD@,Rio Grande do Sul,Porto Alegre
17367387544,Morning Run,Run,2026-02-11 10:40:22,3.232,2282,0:38:02,5.0976,0.0,,,
17367387507,Morning Weight Training,WeightTraining,2026-02-11 10:17:48,0.0,1302,0:21:42,0.0,0.0,,,
17367387523,Morning Run,Run,2026-02-11 10:11:39,0.4719,348,0:05:48,4.881600000000001,0.0,,,
17357430133,Night Run,Run,2026-02-11 00:18:13,2.1139,1514,0:25:14,5.0256,0.0,,,
17357430245,Morning Run,Run,2026-02-07 13:11:20,0.0864,17,0:00:17,18.2952,0.3,,,
17357430229,Evening Run,Run,2026-02-06 21:11:03,8.3619,5357,1:29:17,5.6196,0.0,,,
17310436718,Evening Walk,Walk,2026-02-05 23:05:13,0.0141,29,0:00:29,1.7496,0.0,,,
17300064512,Afternoon Run,Run,2026-02-05 20:38:20,7.0186,2725,0:45:25,9.2736,756.2,|loKnpeaH_A@q@Ek@MyEkAkASIDILa@~ABJNLdD|AzBlAr@RXDl@BtBB~BKfCOv@?\IvC[JCBC?OQs@S}AGIMEOAqIPiFBmAOy@W{@KmA[[Mq@OOAMDKR]pA@HFLPL~A|@rDlBZLd@JtAF`CAfACpEUhCWv@QFEBIi@_DGIMCe@?_DH{E@iDDs@KuCu@iAQgAWUCKDGN]pA?NJN|@f@^VfExBb@Pn@HvDBxIa@RCf@QnAOHG?Mg@wCEGKE{@AkJLmBF_A?k@IkFsAsAWIDIV_@vA@HHHjAl@jBv@jBfAf@Pf@HjDDpCK~AKbAA`BQx@E`@IJI?Sc@sCEG_@?i@EcBFaAAgGHwBA_@G}Aa@aBe@k@SaAO@FB@jGdBz@P^BxEI,Pará,Mãe do Rio
17300064179,Morning Run,Run,2026-02-05 10:44:37,6.4552,3911,1:05:11,5.9436,0.0,,,
17300063983,Morning Weight Training,WeightTraining,2026-02-05 10:13:17,0.0,1833,0:30:33,0.0,0.0,,,
17300064146,Evening Run,Run,2026-02-04 21:03:07,2.9446,1962,0:32:42,5.4036,0.0,,,
17300063974,Morning Weight Training,WeightTraining,2026-02-04 11:22:29,0.0,1925,0:32:05,0.0,0.0,,,
17282221552,Morning Run,Run,2026-02-04 10:00:46,7.011,2893,0:48:13,8.722800000000001,760.3,dmoKlpeaHkA@c@C[G}EoA{A[MBEJc@pAEVBFHHxDlBfBbAb@R\FjAFtA?bACxH]fAM`AIPGBKa@oC@k@GmA?IFQzAe@l@EfABx@L|@T~@LX?r@IvAWn@S|AeAjAmANUtBsGTw@l@_BXUbCwAbBuAV[Z[RW\s@zB_F`@iAf@_BjCkHl@mBPc@|FyPhAkDBc@Lc@LDxCeJvBaGT{@Pa@\gALU~AeF~@gC?c@HYGTc@hAgAnDuAzDKb@aBvEa@rAaAfCmC`Io@`BeBnFuCrIW|@}AjEY~@cBtEk@hB]v@OLBBADUp@kApCQZWj@c@j@{@x@oA`A}BtAQPUXgDfKWd@eAfA{AdAWLMBuC`@q@AqCk@,Pará,Mãe do Rio
17282221378,Afternoon Run,Run,2026-02-03 20:26:55,2.2804,1061,0:17:41,7.736400000000001,232.3,hlqKdigaHyGuBiBq@GABB\LfFdBZHp@VhF`B~ChAACk@SsC}@uBy@gGmBmCcAI?BH?ErAd@bErA`A^pGpBl@XRDVNJ@gAc@sDmAsBw@MEG@p@T,Pará,Mãe do Rio
17275581643,Morning Run,Run,2026-02-03 11:08:13,2.3374,1339,0:22:19,6.2856000000000005,0.0,,,
17275581518,Morning Weight Training,WeightTraining,2026-02-03 10:23:59,0.0,2556,0:42:36,0.0,0.0,,,
17269632686,Morning Run,Run,2026-02-03 09:51:02,1.5005,605,0:10:05,8.928,166.5,zloKhpeaHmA@o@GiBc@aD}@o@KKBIJKX]jADNRLxDjB|Az@ZLVFl@FxCDlFU,Pará,Mãe do Rio
17269632685,Morning Run,Run,2026-02-03 09:28:22,2.4072,656,0:10:56,13.212,229.7,rooKrweaHsABuBEe@EKCuDeBFFtCzA`@Lh@HvC@rDKvBMxC_@oBReHZuA@kBCk@Ea@MqDaBjDfBl@NXDjBDxA?hFW`D_@eAJcAFsGXs@@}BEk@Ia@MyDiBbEvB,Pará,Mãe do Rio
17269632698,Morning Run,Run,2026-02-03 09:14:31,1.8046,724,0:12:04,8.9748,208.6,pmoKhpeaHiBBo@G_GaBy@II@GJi@dBBJJHbIbEf@Fr@B~AB~@C,Pará,Mãe do Rio
17264997168,Evening Walk,Walk,2026-02-02 21:23:15,1.0074,737,0:12:17,4.9212,0.0,peoKhoeaHvA^h@HZ@~IKr@C`A?tBGHDBFFfAJTPbAB\,Pará,Mãe do Rio
17264997401,Afternoon Run,Run,2026-02-02 20:37:10,6.0092,2121,0:35:21,10.1988,658.8,zloKnpeaHkA@k@EyA]oDaAaAMG@EDKTW|@CXBLPP~C|At@b@j@Pl@Xv@NxDDbBIzAK`BC|Da@PEBGe@}CGKKC]Cw@DeCDoB?yEJe@?}@MmFsAgASIBO\YfA?LBDnEzBtAv@b@PZHz@FrC?fBEbBMrACbEc@JEBKg@{CEEKEYAoDHcKJ_AKiBi@_Du@e@GIBUf@U~@?HDJPP\TtFtCf@Rb@HrBDhCEdGYjCUXEDKBWCg@EUQg@Kq@GKKEyAF}CFyB?m@BoDBo@IcCq@k@Mc@EgAYc@GIBQd@Wz@ARJLj@Z|@X~DvB^Nd@HzDFfAIn@?dAIdBE`Ea@LCDKQaAU}ACGKEKAcCF_C@eEHqB@_AMaBa@,Pará,Mãe do Rio
17264997151,Afternoon Run,Run,2026-02-02 16:27:05,3.6092,2259,0:37:39,5.752800000000001,0.0,,,
17264997064,Lunch Weight Training,WeightTraining,2026-02-02 15:44:36,0.0,2419,0:40:19,0.0,0.0,,,
17264997060,Lunch Run,Run,2026-02-02 15:38:01,0.48710000000000003,309,0:05:09,5.6736,0.0,,,
17250953105,Afternoon Run,Run,2026-01-30 20:30:45,3.4254000000000002,2756,0:45:56,4.4748,0.0,,,
17250953447,Afternoon Run,Run,2026-01-29 18:14:24,0.047200000000000006,8,0:00:08,21.240000000000002,0.0,,,
17215294205,Morning Weight Training,WeightTraining,2026-01-29 10:28:13,0.0,2568,0:42:48,0.0,0.0,,,
17214542295,Morning Run,Run,2026-01-29 08:26:01,10.0238,3491,0:58:11,10.3356,1107.4,dmoKnpeaHsA?s@G{Cw@_Ds@IAIB_@v@y@`CsBvGQbAm@jBAN@DTJdBj@rAPpA\bJtCbFvA`A\lAv@`Cv@NLV\XNvCz@vBv@pA^h@RpErAbA^vGpBtHbCjBp@nNlEnC`AfBh@hBp@~Bt@d@JWInSxG`AT`B\|ATbCNl@@fE@~FFrE?fCDf@ArCDjEAdNJdC?bJFr@AvADlIDhB?pJFv@BnB?lHBxBDfC?fABbWJzWRX@HCbIHxd@ThJHfEAlHLnJ@xNJxB?dZTdGDzBD`E?fPNlAAh@@,Pará,Aurora do Pará
17211860888,Night Run,Run,2026-01-29 00:08:23,3.0096,1314,0:21:54,8.244,355.9,lloKhpeaHm@Bk@CeBe@i@EUEsBo@{@SKBKLQh@U~@DLVNdAh@bExBf@Rd@HzD@vESfAAjBQXG~@GNCDGg@aDEGOEm@AgBHe@CyCFuFD_@EcAYS@OCoDcAu@OG@EFQd@YdADJPNpB~@dDhBb@P^H|@B`C?fAGn@?XEb@?f@E|@AhEc@LCFE,Pará,Mãe do Rio
17204276454,Morning Weight Training,WeightTraining,2026-01-28 10:45:35,0.0,3371,0:56:11,0.0,0.0,,,
17203659405,Morning Run,Run,2026-01-28 10:39:06,0.44789999999999996,343,0:05:43,4.7016,0.0,,,
17203659588,Evening Walk,Walk,2026-01-27 21:10:24,4.0904,3093,0:51:33,4.759200000000001,0.0,dmoKlpeaHoA@q@E}GkBe@EK@GD_@pAI^@HLH~CzAlCzA\H`@Fj@DhC?pCOp@ApDSrBUJE@Ec@aDGIQGwOR_AAm@KcGcBo@EGFQd@[hABHTPnDdBbAl@z@`@v@Np@@vB@dDKpDS`D]DE@KMk@WsBMKQAgOPgA?aASkFyAk@GI@GD[~@Op@DHb@XnAp@xE~Bj@JhCBzDO,Pará,Mãe do Rio
17203659430,Morning Weight Training,WeightTraining,2026-01-27 10:05:43,0.0,3183,0:53:03,0.0,0.0,,,
17191477031,Morning Run,Run,2026-01-27 09:14:42,4.0184,1481,0:24:41,9.7668,433.0,rmoKnpeaH_B@e@CqAYqBk@}Bi@OAI@OLIPk@fBDDN?DCAEG?OHOXWn@}@~Cu@zBw@jCk@|@U|@cAzCuA|Ds@hBmBbGaBzEgCvHmAjDGVDLNNLF~C`AdA`@D@?JP?b@HtFdBtAh@dBh@hAX~Ah@jHtBP@FADEDKZiD^mB`AaDhAaDnCoH\iAtA{DxAeE`@cAHc@Pi@HIFQPy@fAaE,Pará,Mãe do Rio
17189058193,Night Run,Run,2026-01-27 00:46:49,5.0062,1646,0:27:26,10.9476,542.9,~loKppeaHaA@w@CaAU}Bq@}Bg@OAK@OL_BxEeAnDWr@kAvDo@xAyAjE_@lAaAhC[hAoC`IkBzFqAlDaFjOoAnD]r@Mx@BB@AHO\wA|@uClAiDx@iCrAsDdAkDPa@hBsFPa@Rq@Ti@t@wBl@uBXo@ZcA`@}@T}@Zy@Nm@b@sAj@yAj@y@@FVNrAb@|AVj@LdAZn@ZzAf@JIFHpL|Db@Px@f@vC`AL?HCDEHKNm@NeAd@cB,Pará,Mãe do Rio
17189058021,Afternoon Run,Run,2026-01-26 16:48:05,0.789,1274,0:21:14,2.2284,0.0,,,
17189058042,Afternoon Weight Training,WeightTraining,2026-01-26 16:06:02,0.0,2337,0:38:57,0.0,0.0,,,
17189058038,Lunch Run,Run,2026-01-26 15:59:48,0.5143,309,0:05:09,5.9904,0.0,,,
17189057884,Morning Workout,Workout,2026-01-26 11:54:36,0.0,967,0:16:07,0.0,0.0,,,
17171830803,Morning Run,Run,2026-01-25 12:07:36,4.0069,1548,0:25:48,9.3168,457.8,dxsBtat_HhAmAf@w@h@u@zBaCfAsALMFCAF{@x@qA~Ay@z@w@fAi@~@}AbBY^iBpDo@tBa@jBQ~@QtAOdBAVD^HbC?dCGpFKtBk@lEWjCm@`Ee@vFc@rCMdA{AxHOpAUdBLsA`@uBDu@T_AXiBf@mBH{@^mBVqDB_ANs@\aCHaBVqBj@{FHo@NaFAo@@kAKcAEcBJ{B,Pará,Salinópolis
17171830826,Evening Run,Run,2026-01-24 21:36:16,0.49760000000000004,202,0:03:22,8.866800000000001,8.6,,,
17171830544,Afternoon Walk,Walk,2026-01-24 20:22:06,0.8138,676,0:11:16,4.3344,0.0,znsB`|v_HMIS[m@qAEc@MQKKYOi@M]So@Q_@G_Ac@a@GGEAFCC,Pará,Salinópolis
17171830683,Afternoon Walk,Walk,2026-01-24 19:47:07,0.7336,555,0:09:15,4.759200000000001,0.0,jisBfuv_Hb@HVJVDFEHSRELILYFQDE\IH@JHP@NATG,Pará,Salinópolis
17171830375,Morning Weight Training,WeightTraining,2026-01-24 13:44:48,0.0,2163,0:36:03,0.0,0.0,,,
17160287763,Morning Run,Run,2026-01-24 11:16:57,6.0745,2182,0:36:22,10.0224,673.7,zuvB`_v_HmIwIk@e@KCuApAMRwNdN_E~DoWrV}BdCeDrCgI~Ho@h@eC`C[Ta@R]HQ@mASq@Q_AMuLwBmB_@_Bc@KAXNYGI?KLATJHj@PxCb@nCh@|A\lF`A`B^h@Bb@C^Gj@OZMd@_@|MgMzGuGLGZETQjBmBjJaJz@s@`CwBpEoE~@{@jFgF`A}@p@u@jBaBfDgDHCHANJ`AdA|@x@n@v@pClC,Pará,Salinópolis
17160287520,Lunch Run,Run,2026-01-23 15:20:54,5.3113,3049,0:50:49,6.2712,0.0,,,
17160287476,Morning Run,Run,2026-01-22 11:18:34,1.2664000000000002,828,0:13:48,5.5043999999999995,0.0,,,
17160287482,Morning Weight Training,WeightTraining,2026-01-22 10:38:04,0.0,2402,0:40:02,0.0,0.0,,,
17136947123,Morning Run,Run,2026-01-22 09:39:41,4.299600000000001,2387,0:39:47,6.4836,413.6,zloKnpeaHsAAg@Eg@KmBi@s@KmA]o@KKDGLe@bBBFHFbHnD`@Px@L|ABpA?x@ClG]~BUf@IBE@GKc@[yBQMQ?gFHMBQJYAa@E[AiABwC?q@GeF{AmAOI?EHe@rAGT@Fl@^bBx@xAz@rAl@\Jl@HjC@jACnG[rD]DE?GKo@UiBGKSGyFLoHHo@Au@McCs@cCm@UKE?A@FFRFlEnAvA\l@FzKKlBEt@ET@JJLlATfABx@,Pará,Mãe do Rio
17136947006,Morning Walk,Walk,2026-01-22 09:28:21,0.48510000000000003,407,0:06:47,4.2912,0.0,,,
17132473580,Evening Run,Run,2026-01-21 21:14:52,5.2559,2637,0:43:57,7.1748,536.4,dmoKjpeaHoA@g@EoAYsAa@g@GkAYu@MKBEHc@rACNDJPLzGnDh@Rj@FlABvCCnEW|@EfAIbBSDCBE?KYaBIs@KQUCCEE?SPi@EGFKBy@Bo@@g@Ga@AaHJe@Ak@MiCu@s@IyA_@[EEBIJ[dAI\BJJHrCvAfB~@hAh@v@H|DBnH[pDc@DIAMQ}@QuAKMMGKCQJaABkJLmC?s@KsBo@iAOmA]a@EIDQ`@[jAFJr@b@zAr@bDbBl@N\Dn@DzB@rDMfDS|C]BIYyBKk@EGIE]?eEHqJHCDBDH@hEEnHKd@ERKRDNDDHTfBLp@@r@,Pará,Mãe do Rio
17132473213,Afternoon Run,Run,2026-01-21 16:33:19,1.1418,650,0:10:50,6.3252,0.0,,,
17132473181,Lunch Weight Training,WeightTraining,2026-01-21 15:58:46,0.0,2048,0:34:08,0.0,0.0,,,
17132473207,Lunch Run,Run,2026-01-21 15:44:10,1.0707,648,0:10:48,5.9472,0.0,,,
17120914422,Evening Run,Run,2026-01-20 21:04:03,6.0108999999999995,2558,0:42:38,8.46,714.6,~loKlpeaHqA@[Aa@G}C}@s@Mu@W_@IKAKDOTcGlRw@jBwBtGoAfD_@rA]v@c@zAgA|CuBrGwDtKsC|IQ\u@~BSVENQp@cBlFuC~HKZId@q@xAUj@If@@FDHPJdA`@\PDHCPQ^Qh@e@nA]p@?Ff@aBz@wBBOAGMK}Ao@QKCG?MNo@d@y@Zu@\sAl@qAzAkEvBeHd@w@\y@Nu@Pc@Ty@v@yBbCmHXs@l@oBpDuKtBqGz@{Bp@yBz@mCpAoDRMHO\aBZ}@`@yArA_ERu@l@gBT}@Ri@FGN?n@TrA\l@V`Cl@p@Hp@?,Pará,Mãe do Rio
17120913172,Afternoon Walk,Walk,2026-01-20 20:54:07,0.4705,363,0:06:03,4.6656,0.0,,,
17120913168,Morning Weight Training,WeightTraining,2026-01-20 11:03:23,0.0,2199,0:36:39,0.0,0.0,,,
17120913164,Morning Run,Run,2026-01-20 10:52:14,1.0876,647,0:10:47,6.0516000000000005,0.0,,,
17120914029,Evening Run,Run,2026-01-19 22:05:00,3.1955,1635,0:27:15,7.0344,317.7,tloK`peaHeABk@EoBg@w@WiCs@SEE?CBFF|@Xv@RhD`Ap@L|@@~HQbC?`AEDEEEe@?c@BaC@uCFuEDYEcCq@w@Yu@Qm@Se@GEBBHTH`ElAtA\j@Fp@@fFK~CAdCKDGEEQ?iCF}KLcBa@i@IgC{@cAWE@DHj@VjCt@lBf@l@HlAA,Pará,Mãe do Rio
17120913853,Morning Ride,Ride,2026-01-19 11:26:55,1.977,517,0:08:37,13.766399999999999,0.0,jlnKpggaHvJkY?KGKg@Md@LHADE^y@Vw@Lm@FKJAVFvAf@dGjBL?JGNUNe@LE|Cz@`Cr@x@ZPBHAJELQ^}@xAcEHGN?,Pará,Mãe do Rio
17120913165,Morning Weight Training,WeightTraining,2026-01-19 10:50:44,0.0,2145,0:35:45,0.0,0.0,,,
17101867021,Morning Ride,Ride,2026-01-19 10:32:55,1.968,613,0:10:13,11.556000000000001,0.0,~}oKtifaHO\S|@IJI@]GcC{@IAI@GBc@jAIFKB{C_Ag@MiBo@iCu@gA_@q@MO@QJSVS~@eAbDMXWv@Sd@_AvC}CzIOl@y@xBOj@y@nB{@fCIJO@o@O,Pará,Mãe do Rio
17101867046,Morning Run,Run,2026-01-19 09:53:15,5.0173000000000005,1774,0:29:34,10.1808,547.5,zloKppeaHgABm@Gm@MeFsAs@MMBKLWx@Kf@BJRL|CxAvBjAl@Tj@HV@tC@xBGzFYvBWJEBE?MMq@U}ACIMEa@CmBFsEDuDFy@?y@KgBg@{AWiBg@IAGBKR_@pAALBF~C|A~BpAd@R`@J~@HdC?|@C`Ic@~@Ot@EHG@Mg@wCCEMESAoADoKL_B?s@IuCy@cAMwA_@MAEBKR[jACN@Fl@^jEtBdAj@j@Nl@DzBBxDMx@GdCKvAQz@GJG@Gg@{CCGMGSAwFLyGFs@Aq@IeHoBG?BDPFdCn@,Pará,Mãe do Rio
17101867026,Morning Walk,Walk,2026-01-19 09:44:01,0.49810000000000004,419,0:06:59,4.2804,0.0,v~oKdweaH?O,Pará,Mãe do Rio
17099309406,Morning Walk,Walk,2026-01-18 12:14:41,3.0606999999999998,2359,0:39:19,4.6692,0.0,zjcNrejaHSJIH@PYXCJCdA@|CEbB?d@CbAIn@_AzBS`@Sh@k@fAEZKDENEbBAtCE|@E|GElAC~BCb@?fBIvF?z@An@CTCjEIdCB|AFDRD|EQnA@jFAhIOlKGr@?jBGrA?nAE\Bv@C\@~CE,Pará,Ipixuna do Pará
17099309345,Morning Walk,Walk,2026-01-18 11:14:58,3.0648,1984,0:33:04,5.562,0.0,r|dNlvlaHaCBcB?gJPiLDcADaAAgFJqDByACkAD}ABaAFSAAK?gBHmCTqSLsHDoHF}DF_AAI`@e@hAeCz@wBJc@FeD@eBCs@HcG,Pará,Ipixuna do Pará
17085817318,Evening Run,Run,2026-01-17 21:02:53,4.034800000000001,1488,0:24:48,9.763200000000001,435.9,zzdNrvlaHuIJeDFwIHwE?uGLyF@gEH}CNeB@}DP_NNgBGgAI}@Ea@GeACq@FwA\m@JoAFdAErCg@v@Ip@@hFZpC@jGGjBExCQt@At@@fIY`AGP@jB?bLKzA@d@E`HCV@DAf@AZBzCKfCAzFK,Pará,Ipixuna do Pará
17085465101,Afternoon Run,Run,2026-01-17 20:43:34,3.5961999999999996,424,0:07:04,30.5352,89.7,|h_Nz}laHtK[xEI`FQzFElDMnFGbH@dPSxAIzBc@~@In@?|EZ|ABtA?xIKjESnEKdGW`CB`DAnFI~A@n^_@,Pará,Ipixuna do Pará
17085065063,Afternoon Run,Run,2026-01-17 17:55:36,0.9835,732,0:12:12,4.8384,0.0,,,
17085065052,Afternoon Weight Training,WeightTraining,2026-01-17 17:16:26,0.0,2321,0:38:41,0.0,0.0,,,
17085065049,Afternoon Run,Run,2026-01-17 17:01:20,1.1721,727,0:12:07,5.8032,0.0,,,
17085065079,Afternoon Run,Run,2026-01-16 20:10:47,9.2119,5375,1:29:35,6.1704,0.0,,,
17063430579,Evening Run,Run,2026-01-15 21:18:49,4.0595,1854,0:30:54,7.884,385.0,tloKlpeaHkA@m@GqEoAuAe@OCC@BFLFnBl@jBf@VDFACCIEqF{AOA@DXJzErA`ATb@FzEE~IMDKkDJkFHmD@UEy@S}FcBGACB@BFFzCx@`Cn@~@LZ@zNSVADEIC_@@aLPqB@YE{A]_F{AIAABBD\NtA\\LnCt@|@LrMMn@Et@AZQOHJEDAACF?OLO@YACF@Cn@ANDFHb@nC@NEJSFyAN{BNiCH,Pará,Mãe do Rio
17063430458,Afternoon Weight Training,WeightTraining,2026-01-15 20:19:44,0.0,1979,0:32:59,0.0,0.0,,,
17063430529,Afternoon Run,Run,2026-01-15 20:06:50,1.1255,619,0:10:19,6.5448,0.0,,,
17052304436,Evening Run,Run,2026-01-14 21:46:12,5.011699999999999,1959,0:32:39,9.2088,556.6,vloKjpeaHkABm@EuF}AqAUKDGJa@tACPDHDDbBx@tDnBn@Xd@FrDB`GUn@?tAShBQJE@Kg@wCCEKEk@C}ADcMLg@EgCq@_AOyBo@GAGDMTa@xA?FHLtCvApC|Av@Tn@BhD@lDMtAKX@xDa@PG@I[gBIu@EIIC_@AiGLiHFg@IcBc@uAYcBc@e@KI@Wr@Uz@?FBJjHvDt@T^DfD@dAE~@CfBKXEpBIjAOn@EDABEAOKe@WmBQSsMRCDBBR@dDI`DAxBIHBFJTrA,Pará,Mãe do Rio
17052304207,Evening Walk,Walk,2026-01-14 21:39:05,0.4853,375,0:06:15,4.6584,0.0,l~oKbweaH,,
17052304055,Afternoon Weight Training,WeightTraining,2026-01-14 20:44:13,0.0,2474,0:41:14,0.0,0.0,,,
17052304196,Afternoon Run,Run,2026-01-14 20:30:40,1.1439000000000001,616,0:10:16,6.6852,0.0,,,
17040910451,Evening Walk,Walk,2026-01-13 22:07:29,1.383,1192,0:19:52,4.176,0.0,`voKlpeaHpDGHA@EGCYAmEHsHJc@A]GeBe@kEoAGBBH^NnGbBp@JxAA,Pará,Mãe do Rio
17040910453,Evening Run,Run,2026-01-13 21:40:30,4.0071,1586,0:26:26,9.0972,447.6,vloKlpeaHwA@k@IsEoA[G_@C]MQ@URgDjKcAlD]z@]r@_EnL[x@YjAg@nAy@jCsHpTGRAFBBBC^qAVq@h@kBlC{HRy@pCeI|AgEPo@d@qAbAeDN_@d@y@VcAhDwKn@iBZcAP[LGH@rCx@f@FGEOCBFFBfAZf@Pz@Ll@?bAEf@@tAAnAGtBC`B?^ADC@CIC]AgBF,Pará,Mãe do Rio
17040910262,Evening Walk,Walk,2026-01-13 21:31:17,0.4244,314,0:05:14,4.8672,0.0,,,
17040910270,Afternoon Run,Run,2026-01-13 16:52:31,0.7705,491,0:08:11,5.6484,0.0,,,
17040910267,Afternoon Weight Training,WeightTraining,2026-01-13 16:09:45,0.0,2541,0:42:21,0.0,0.0,,,
17040910296,Afternoon Run,Run,2026-01-13 16:01:53,0.5578,318,0:05:18,6.3144,0.0,,,
17040910114,Evening Weight Training,WeightTraining,2026-01-12 21:40:07,0.0,2481,0:41:21,0.0,0.0,,,
17020567407,Morning Run,Run,2026-01-12 08:45:18,10.0085,3658,1:00:58,9.8496,1081.8,~loKlpeaH}A@_@EeHkB]GMDIJa@tAETFJPLtHvD^H`@FxC@`Jc@`D_@DG?Mg@oCGKMCsA?}LNgA?k@ImD}@{Ac@_@KM?KFGL]jAETBLLH`CjAdCtAx@\j@Hj@D~B?lCKdESnCYZGDE@GG]Es@[cCA[AYFu@Fa@\wAlB}Ej@qBFa@COOKoC}@SCMBMN_@hAGJGBO?qNyDiCm@QEII@QrAcE`AsDt@qDf@iBlBwJB]CKGEOC_DSqBSi@U}@s@WKSA]DuDv@oARyCt@qNvCcAN]BmAAw@CYBEFMr@kAnEi@hAsA`Ca@dAOt@UjDE`@Yv@}@lBeAdDANBHHHLF~CdAhBf@zCt@jC`A^HzAb@t@P~@Z|AX`AT\LLL@PQp@Kz@q@zC@LhDjAzBj@l@Tn@JLGVi@p@wBFKHARB`@LpGdD\HVDjDBzBGpFYjCWJCBEi@}CGMQE{FJiIFo@IcASs@KsDeAUCGBIP_@jAEPBFd@XnGbDZJl@JjCDvCG~@IxDSjCYBC?KMc@Iy@Ms@EKSIcFD}GLuACc@Gi@OIDLFf@L\Db@B,Pará,Mãe do Rio
17017866814,Evening Run,Run,2026-01-11 22:07:23,10.02,3944,1:05:44,9.1476,1116.2,dloKhjfaHoNmEWE}@IwFeBg@Gu@SGAIBIJO\aChHc@jAmCnIg@lA[`Ak@rAy@bCqAjDg@bB[x@q@vByAtDm@jBU`A?FBFNH~KjDlBb@jEjAhF|AjO`Et@NJCDEHYPeC`AoKFa@^eB|CgJzIuVPo@Rc@B]EWMOeCu@s@g@a@QsNmEkDiAs@Q{@I]ImH_C_@@OHa@|@a@lA[r@iAlDi@|A{B`Hk@vAw@`CkExLw@bCc@jA_BnEW|@C\BHHF`LhDdB`@pKxCp@Pt@VvGdBjBj@j@LPH`ARH@JEDIF{@nAsNJo@^_Bj@iB|AqErC}HlC}H`@aA^wARYBSTo@@_@EUMIcCs@{@k@q@W}QyF_@O]I]M}@Gc@ImA]q@WaBg@iAc@_@@UVMVc@rAAH?VUp@@FWVSf@Or@{AhEsAbE{@xBaCzG,Pará,Mãe do Rio
17015633663,Evening Run,Run,2026-01-08 21:58:59,1.0653,236,0:03:56,16.250400000000003,31.8,``yfDzc~gHqBnA[N]Dc@CeEa@uHm@y@MMGUSa@eAKS,Santa Catarina,Biguaçu
17015631912,Afternoon Hike,Hike,2026-01-08 18:57:04,0.32589999999999997,293,0:04:53,4.0032000000000005,0.0,,,
17015633981,Afternoon Run,Run,2026-01-08 18:04:32,5.6088000000000005,3119,0:51:59,6.4728,0.0,,,
17016827171,Lunch Run,Run,2026-01-07 14:12:29,6.3646,3893,1:04:53,5.886,0.0,,,
17015631907,Lunch Run,Run,2026-01-07 14:09:53,0.0928,92,0:01:32,3.6323999999999996,0.0,,,
16963275137,Night Run,Run,2026-01-07 00:03:52,4.0097,1803,0:30:03,8.006400000000001,428.6,x}dgDpi_gH{@uAEO?MTYl@_@bCmB\Sx@s@VODON{A@}@CKE?CH@d@Ab@Il@Ob@U^WZCJBHPJb@DhAD~BDzAFRFFN@VKpDMNIDg@Do@@[BiB~@u@P_C|@MBMC_@e@yBwDCG@MFSHIt@e@|BgBTITAz@F\EB?LNHEf@Al@FLDZCdB@XDDN@\G`AC`BCNMNMDuAB[DyAv@kA^WDe@TgA\IESYeCgECI?MPU~@m@jByARMLCf@AlABn@DPFd@?VHdBFXAL@DB@t@Cv@?vAAPIJYHqADWBQHm@`@]NuA`@wBt@GAGEyCcFAG@Eb@m@,Santa Catarina,Florianópolis
16963274947,Lunch Weight Training,WeightTraining,2026-01-06 14:15:05,0.0,2429,0:40:29,0.0,0.0,,,
16963274963,Lunch Run,Run,2026-01-06 14:00:58,1.2192,795,0:13:15,5.5224,0.0,,,
16950187603,Afternoon Run,Run,2026-01-05 20:46:34,7.012899999999999,2540,0:42:20,9.9396,765.9,nnjgDfwhgHPd@Xl@Pf@hBvGf@tFVbAx@tB`@r@b@l@\v@r@|BF\LX^nARnALb@\~AHz@HPJd@T`B@b@J^D^BrCP|AVnA^hAfAbBJR|A|Ej@lBj@~Bd@lCf@|BN`@Vh@h@x@`@^dAt@hAd@bAThAF`AC`AKn@M|@KrASfB_@nA[zAc@tAw@^WfA_AbAkAfBsCr@s@v@e@h@Kd@AdBFrARpACp@Kb@Q`@YB?b@e@nBuCl@eAZaAFo@Aw@Ca@Ow@KS[_@qAsA[o@Kk@@c@Dg@JM@EEFETEf@AVF^Lf@P\zA`B\j@Jb@D\BlAMt@Uh@q@hA{A~Bu@t@a@Va@Ps@LqACsBQuAAe@Bo@Rg@Xa@^cBjCcAnAy@r@}AlA}@d@i@RwA`@wAZeDp@kAPuAPa@@_BKKBa@MyAq@u@g@qA}AYc@Wm@K[UmAs@{Dy@uCkAsDa@{AWk@_AuAg@oAOm@SsAGiB?yAOaA?c@a@gCMUGw@a@gCq@_C[y@S_Au@uBMW[e@UWUa@Qc@Mi@Q]K[c@wBOgCOy@wAoFo@gB[u@,Santa Catarina,Florianópolis
16950186177,Lunch Weight Training,WeightTraining,2026-01-05 14:17:49,0.0,3179,0:52:59,0.0,0.0,,,
16950185848,Lunch Run,Run,2026-01-05 14:05:26,1.1551,626,0:10:26,6.642,0.0,,,
16940687486,Evening Run,Run,2026-01-04 23:29:56,4.0202,1554,0:25:54,9.3132,464.0,n}dgDli_gHu@sACODOjAgAdBwAXQNApCRdA@NFBF@VE~@E~B@ZGPKNw@`@yBr@kAd@O@GAGGa@w@eAeBg@}@COBO\_@rC}BZQd@@x@HhHNLDBJGvDCZ@JHHx@h@bBt@D?@CCEQKiBu@c@OUCmBDSBWHoAp@mA^mAd@m@NOKqBeDYk@EQCEFOl@m@dByAt@g@L?~@HzAFnB@x@Dt@HNH@^Cx@AxAEb@KLKDSBmA@SBcB|@iEtAGAMOk@iAy@kAe@_ACQ@IPSd@]lBcBf@]R?x@HjAD~CDxALFFBJEv@AfBEh@?BB?n@w@rAiBRc@?KCE,Santa Catarina,Florianópolis
16940687473,Evening Run,Run,2026-01-04 23:20:29,0.9628,380,0:06:20,9.122399999999999,107.6,haegDxm_gHM@KAu@{ASQmAuBAI@Mf@i@,Santa Catarina,Florianópolis
16940032624,Morning Run,Run,2026-01-03 11:48:38,2.0152,1099,0:18:19,6.6024,0.0,,,
16940032636,Morning Weight Training,WeightTraining,2026-01-03 11:05:51,0.0,2481,0:41:21,0.0,0.0,,,
16921369519,Morning Run,Run,2026-01-03 10:33:10,0.5073,278,0:04:38,6.57,48.6,,,
16921369863,Morning Run,Run,2026-01-03 09:58:56,4.4363,1987,0:33:07,8.0388,477.6,hmoKnpeaHoA@o@Eo@McBe@w@KsBk@QAIBGNUp@Mj@BJLJb@PxGlD~@H|CDzBI|BObBG|C]DE?Ie@yCKKUCgPR_@As@KgFwAeAOK@GFg@~AAL@DRLhB|@xDrBZJf@JdDDfDMjEUlCYDABE?MMm@WiBGGSEeKNiDBq@C{@QgBi@W@MCkCs@EBWj@Uv@ANHJtBfAdAl@^N~@h@p@Vj@HtABzA@bCKjFYbCYFE?KOk@UgBGMGC]CsADaHH,Pará,Mãe do Rio
16921369710,Morning Weight Training,WeightTraining,2026-01-02 10:18:05,0.0,2425,0:40:25,0.0,0.0,,,
16910281459,Morning Run,Run,2026-01-02 09:12:42,5.0185,2457,0:40:57,7.354800000000001,555.1,zloKhpeaHgA@i@EoAYyEqA_@COBIJa@rACRBHHFXLZRbFjCh@Vh@Hn@BdCBlDOhDQdAIrAODCDI?Oe@uCGGIEyEFqFJoC?UCoAYcEmAa@GW?KHO^[jA@DHJdHrDj@Rf@FfDB~DOxDS~BWDE@EASc@iCGKSIsNR_BAsAYaFwA]GEBLHjA^nElATF`@BtCA~JMfAG@CCAcPR{@A_AQuCw@qBm@OCE@FHn@RvA\~@XH@NEBJFDdAXz@FbCC,Pará,Mãe do Rio
16907194105,Evening Run,Run,2026-01-01 21:33:00,4.0116,2126,0:35:26,6.793200000000001,422.1,hmoKjpeaH_B@i@EqGiBq@GMBIJe@hBDHxAr@vEfCb@Nn@HfD@dBGzEUhD]JG@Ke@}CGGUIoFLyC@sCFy@A}Bk@oDaAA@@LMUUK@DJHZHh@TnEnA|@LtOQ`AG?EMEiCJqJL_BA_@GsGmB_@IABBDz@ZlFxAx@LjEE~DGr@?p@EhBADBDJ^~B,Pará,Mãe do Rio
16907193976,Evening Walk,Walk,2026-01-01 21:22:17,1.24,594,0:09:54,7.516800000000001,0.0,xloKjpeaHoA@a@CgDaAoCs@W@KFO`@]lA@HNJhAj@nE~Bp@VZFd@@~B@l@A,Pará,Mãe do Rio
16905714817,Afternoon Run,Run,2025-12-31 19:03:13,6.0286,3621,1:00:21,5.994000000000001,0.0,,,
16905714819,Evening Run,Run,2025-12-30 22:02:34,5.0827,3648,1:00:48,5.0148,0.0,,,
16858522192,Afternoon Walk,Walk,2025-12-22 20:40:02,3.2666999999999997,2601,0:43:21,4.5216,0.0,xloKnpeaH_A@u@EiD}@oC{@G@BBNJb@N|EnA`ARvC?lMWIGq@?cGN_HDmASe@O{EqAECC?BHv@VxFzA`@D|C?~@EfGGNEfBE@AACKAcADgORs@KiDcA}Bk@E?@BJHb@N`Dz@dBh@\D`@@hAC,Pará,Mãe do Rio
16858522068,Evening Run,Run,2025-12-09 23:42:03,4.0938,2465,0:41:05,5.9796000000000005,0.0,,,
16685775001,Morning Run,Run,2025-12-07 09:13:44,0.209,56,0:00:56,13.435200000000002,18.3,,,
16660586176,Evening Run,Run,2025-12-05 21:05:33,5.186,1796,0:29:56,10.3968,551.3,`}`L~dhaHuFAkGIoEBmAEiG?eA@eECuC@aGE[CMECKAWDaCFcKAoGKoK[gC@MDGnBUHDLXZlBfArHb@rCDp@pAxHRzAh@tCVnBTnAFHFBd@?LCFIDS@}CD}BAo@HaFCc@Fg@DKJGb@IjGaAr@IdBE~FDLAFGDWEcFD_DEiC?oCASEOSKYImCi@cDa@w@Ek@IcJQs@IK@AA@ANE`CFLDBLElE@b@HDNBrBF,Pará,Aurora do Pará
16660586247,Evening Run,Run,2025-12-04 21:23:47,2.447,1140,0:19:00,7.7256,245.7,xloKvpeaHmA?o@GaIsBKBEFe@hBDPVT~CzArBfATHn@L~BF`AAp@C|@IXKjFWlBUHCDE?Q[}AIm@GKGC_@?aCH}JL{@Au@K{C}@o@Ec@Gq@UGGBBd@HxGjBh@DjAA,Pará,Mãe do Rio
16660586160,Evening Run,Run,2025-12-04 21:06:46,2.0045,770,0:12:50,9.370800000000001,222.6,p~oKvveaHAGIIYCeANyALsCJaBHoCDqAA_@Cg@K]MeDkBwBcASMCGDQb@sAHOLCZFbHjBj@F~@?,Pará,Mãe do Rio
16660586161,Afternoon Run,Run,2025-12-04 16:46:24,2.6809000000000003,1821,0:30:21,5.2992,0.0,,,
16660585992,Afternoon Weight Training,WeightTraining,2025-12-04 16:16:54,0.0,1687,0:28:07,0.0,0.0,,,
16648028014,Afternoon Run,Run,2025-12-03 17:02:33,2.4589000000000003,1438,0:23:58,6.156,0.0,,,
16648028021,Afternoon Weight Training,WeightTraining,2025-12-03 16:32:29,0.0,1451,0:24:11,0.0,0.0,,,
16648028278,Evening Run,Run,2025-12-01 21:19:24,5.167,2884,0:48:04,6.4512,536.9,hpoKrweaHcBHkB?u@Gc@M}HeEEG?O`@sAPUPEb@NpBd@lCv@z@Jp@CxCAtAGbFEhACJEGAiCP}GDwBF_ACMAq@U_B_@gDcAO?BFD@r@LnFvAz@LzEKrHGf@ELBFCGAkBHq@@QAeBFSAC@?DN?`EI~AGBCAAuBH}@HiCF}@CsEBg@GeHqBSCE@BB~@VxA\lCt@dAJlGGnBGrA?`CGcA@gADgC@g@DaBBcB@GEy@BY?iAQaGeBOCEBFB|Bl@tC|@~@PjBCrCA|BGbA?fAEr@?BCV?DCGCoBD}A@,Pará,Mãe do Rio
16648028184,Afternoon Weight Training,WeightTraining,2025-12-01 20:05:55,0.0,1744,0:29:04,0.0,0.0,,,
16648028244,Morning Run,Run,2025-11-30 09:33:17,6.9182,2058,0:34:18,12.103200000000001,704.3,rrnK`ahaHqDeA_G{Ac@KMDUj@eDbKqA`DmGbN}@vBINODQE_@MeAc@IGEKAKFi@EIIGaNyDSMCI?KPk@z@sB|AqC@IGOUKwBi@eBi@}L}DYOEO\qBp@uGLa@NYd@a@zDqCbBeBf@Wp@SvBW|Eg@h@Cl@@NEHSh@mBdAmDnAaFJ[FGJAPDjK~CN@LET{@Z}ATeBAsDAq@AqINoARu@HQFGHAl@LjA`@tH|BzBv@VN@ROh@qBhGeAtC_B|EmAfDqBjGmC|HgBnF{CvICNH?HKdCyHHUHGD?^FfErAhL|C,Pará,Mãe do Rio
16648028304,Evening Run,Run,2025-11-27 21:19:13,4.8767,1637,0:27:17,10.724400000000001,499.4,rwnK~bhaH_A[qGiB}F}Aa@GK@IDKRm@xBwApEk@~Ag@jAe@lAiC~F{@bBuBtEOb@EFID]I{As@MIEODc@?KIKOIaDcAiGaBs@UMICOJg@dAoChAcBNY@OGK{EsA_EsAgGiB_@OIM?WZyBl@gGH[LU|AkApBuAf@c@bAkAn@_@nAYfBUfFg@ZAd@@LADEHM~AqFtAqFZ_AHCNBnJtCp@JHCXcAXqAZiB@sACk@B]BICKEgA?oFCu@PgBRy@NIf@?nA`@,Pará,Mãe do Rio
16648028340,Evening Run,Run,2025-11-25 22:07:31,6.4677,2942,0:49:02,7.9128,710.8,vvnKpbhaHgA[sAY{Ag@{Cw@uAc@gB_@MAG@GLg@jB]x@{ApE_BjEm@lAsBxEoBdEaA|BGFEBQE{B_AAE?MJ[?IAKKImBg@{Ae@_B_@eBk@o@Os@UKICO^iAZw@lBiDDUAGGIIEiBc@kQuFIGEKP}@JuAn@yFH]NWhBuAlAw@n@e@rA{A\U^QjAWvGu@bAIj@FNEHKl@kB~@eDz@mDb@{AJSL@bCt@`B`@nAb@hBf@J@FELWf@}BVkBBoBIm@BoECi@AyCDe@Js@Vw@LQBA`GhBfEjAvBv@DF@PI^aBdFy@bCSd@GZwE`Nm@nBOn@w@tB_AtCI`@MT@NCVRXJF|@ZvA`@b@Zp@VLVJb@Td@IXBh@Kd@HLj@TlFvAbCt@,Pará,Mãe do Rio
16648028312,Evening Run,Run,2025-11-24 21:20:24,5.0116000000000005,1897,0:31:37,9.5112,558.5,bmoKppeaHwA?WAwDeAcDw@GBKPc@xAALBJNHfHjDd@Nl@H~@@dCAlCMv@IzAEpAKxAQLG@Ic@uCEIGCyFLsD@wAFyAAy@M{C{@sBi@YGIBe@pAKd@?HhHrDh@Tl@Jp@BpA?rACxBKpEW~BYJG?Kc@kCGOIE[AaDJ_A@oBDuEDq@G}@SoFyAa@GE@MZ]pAAJBHtHzDVJXFr@DxA?d@@lBErFY`D_@HC@Ie@uCEKICm@@e@C}ELeAAuDHo@C_AOsF_Bk@Kb@TzA`@,Pará,Mãe do Rio
16648028379,Evening Run,Run,2025-11-19 22:41:53,7.0653999999999995,2258,0:37:38,11.2644,729.7,rvnKnbhaHoJmCmEgAWEQBKLGPiAzD}@pCsBnFoFhL{ApDKJK@YGuAk@QKEICMHk@EIMKuMwDYOEI@Qh@}A|@gB`AaBBOIM}Bo@yGwBgAWgEuA]OEK?KNcAx@{HLc@R_@|@q@bC_Bx@u@`AcAZUTKrAWhFm@rBQl@BJENWdAmDxA}Fl@kBFEJ@fHvBzBj@F@DEHOLe@l@sCNeA?o@G_A@[CsAG{HDk@XqAPe@FEHAjF|ArCbA`@HjBh@l@TFJ?HOj@g@rAsBhG_@bAm@rByBfGgBjF_AtC[hAiBpFi@|AYl@iBtFUh@Wz@DDHGfC{HJUHGTB|DlAjD~@`@HzJrC,Pará,Mãe do Rio
16648028370,Evening Run,Run,2025-11-19 21:42:10,1.5317,465,0:07:45,11.8584,155.3,beoKfnhaHq@hHW|BMhBYpCEp@@BBGHq@x@}Jr@oH,Pará,Mãe do Rio
10161449441,Corrida ao entardecer,Run,2023-11-04 23:13:20,1.8974000000000002,828,0:13:48,8.251199999999999,0.0,dmoKjpeaH{A@SA{FyAkA_@QEGDHJRBNH~@Tx@ZrBh@NB?D?EPB\H`@@PDP@HGb@@ZAt@Bh@CFBLEH@FCDB`@AHCn@@fBK\BFEZ?TDLEd@AHDBF@NJ\@TBF,Pará,Mãe do Rio
10161367082,Corrida ao entardecer,Run,2023-11-03 21:37:28,7.0134,2209,0:36:49,11.43,0.0,nloKxoeaHw@@_@A[E{EqAoAc@KAED?BTJ`@NJ?ND`@Rv@X|Ab@f@Hb@DxIElBGjA@f@CBGCEEA}@?sBDkCBqCHoBCsCu@e@Qi@K_Bi@IAADBHFBlF~Av@Pt@JzIIr@ExB?`@ADEEIQ@g@AmDFe@Ao@BaDBc@BaACQEaDy@qA_@k@U[E?FDD\NTDf@P\FhAb@`AVvARf@Bh@C`ECh@Cx@?~@E\BvACDA@ECGGAg@?wEHy@?wAD}B@k@Cc@Is@SyA]m@Qq@W_ASBHlBj@zBr@jAZ\BjAD|HKrA?HCpAADC@GGEy@?M@gCBsEHc@A_ABy@CqBe@sEmA?DZLDHFAxA^VJPDpAb@t@NZBR@vACxB?zAE^@nAC`@@VGzA@FECGGAq@Di@?GF_ACc@BGAOBs@AK@EAM@[?MBw@CSBQEg@FMCSBKAe@@kASeGcBUKC@@DHF|@VtC|@RBt@TjALdOKh@GJEHBBGGECBN@EA_@@SAaGJ{@?wBD[Ac@@CDJFh@A,Pará,Mãe do Rio
10133111351,Corrida ao entardecer,Run,2023-10-30 21:19:49,5.021,1586,0:26:26,11.3976,0.0,vloK~oeaHmA@o@GeEeASKKAuAg@EB@JDBFAD@DBZHpAb@r@Px@Z|@TVBtA@h@ClB?p@Cn@@h@EP@b@ElABf@CZ@JC@EAGEAmBFaC@_@Fi@A}@DSCwA@w@?SBq@Kc@Q[EmA_@YEWKy@Se@UM?ILhDx@nBj@z@P^@r@CRBd@ATC^@|@?~AAl@CvA@XCP?h@EFDBKGGODOASBKC{BBK@uA@Q@MA_A@_@D_@ASBQCa@B]?i@Gy@Se@Q{@Qs@WoA[[OG@ADFHbA^j@LtBl@PDPHb@FPF\DnDGJ@fACD@PAzA?tDGHC?EGGSB]Ag@@[DQEm@@uADMAOBSA[Bo@AaBBcAAaAMuGqBEDCFBD|Al@VDjD~@v@JfDAh@ClBCLCJ@xB?bAGJ@XEAGIC_AFmC?o@Dy@@OC,Pará,Mãe do Rio
10132741012,Corrida ao entardecer,Run,2023-10-23 21:01:13,3.0164,950,0:15:50,11.43,0.0,ploKhpeaHw@?w@G{EoAu@Y_@?SEG@|@TJFdElAz@Td@DpAA`CGh@?rCG\@d@?n@CDBp@ABGKKOA_@Dg@AUDc@EwAFiC?oBHcBEkCk@gDcAUMG?AFFHz@TtEtAz@Nr@@~AApEMdB?dBENABCEIE?u@DiDFcC?oAD{B@k@KyA_@{@Wc@K}@Ye@KQKG?AHFFhAZ,Pará,Mãe do Rio
10087439457,Corrida ao entardecer,Run,2023-10-22 21:24:29,7.0158000000000005,2457,0:40:57,10.278,0.0,ploKbpeaHw@@q@EaASWMWEeA]g@IaBe@QAIFERKLI\Q`@CPUZOl@GDKr@MTYv@APw@lBMd@?FGJE^g@bBSZIFENKLKf@KTAFIJ_@zAU`@@FQh@ILEPKR]fACTKVKNALU^CHEFCVm@fB_@nAQ^W~@OVGXYp@ETg@tA?JCDCNMP?HSV]tAKTCRO`@]t@q@xBa@v@a@|AIL?BCJKRWp@CTg@jAQj@OV?HMX@BAHUj@ER[l@Qj@BHFBDABCVeAJU?IL[?EP[Vm@BQRe@`@wA^_AH]JYVe@Ru@Ro@DCb@}ARe@Le@b@gAp@aC`@cA?ILYJKTy@JQJc@LUT{@LSDa@Re@RYHS@KN_@BUTu@B]NYBOPWDKJc@NUJc@Tk@Li@fAuC@SECG@MNQbAEFCJORSx@EBG\Sj@GHCPEDMl@KJ?DQf@MVIVIFAXKTGZKPMt@c@|@aAtCYt@a@bB{@zBUn@ATOTi@rAYdAWt@e@fACN@HGNGXa@`AEVyAtDSn@EDG`@Q^Ux@OTAFBBHADW^gA?Kb@gATa@DYVm@T_AN]HITy@Rg@AELMPs@JUF]HKFWRe@b@cBz@{BJg@Xy@Nk@Tg@FU@KTi@?EC??BPUAABEt@qBLa@NYFYVm@ZmAFIFc@P]?Gf@gA@QJKBM?EC@FECBf@wABSXm@P[DODE@KFIAE@EDI?ET{@BCFUBBFO@QJ_@@EFCAGBER_@JYHCBMFEFk@@EBA@KHQDO?WV_ACIOOYKSE[Sg@Ke@S{@Sc@USC[OKIIAGFIC[SCSLi@LYFYX{@AKNq@DW?WAEOKCEa@USKu@O,Pará,Mãe do Rio
10069721971,Corrida ao entardecer,Run,2023-10-19 21:40:01,3.8675,1989,0:33:09,6.9984,0.0,zloKdpeaHc@A]@I?CE]Bc@GuDeAqBq@GBDHFDl@TRDnA`@bCp@d@Jd@DhBG~B@x@CxAAt@EjBCJ?BC@GEEEAqBFKAyAHSAuBDSAqAB_B?s@Ig@KeBg@m@OmBo@MCCB@J`@Pj@HHFZDlA`@ZFfA\|@PP?JEd@B^Cd@B~CKJB`AGFDJ?NCl@CHDR?XEn@?FABEAEQ?uAFc@E[BeA?iBDYDc@Am@FmABOGk@Ae@M_AYQAaEkAUE@FVL\Fh@PhAVZLl@Lj@Rr@Lr@@r@C`@@bAC|@?v@Ct@?LCTCx@FhAAl@ALEJ?BBBCFJDT@XFBCH?DNx@Tl@A^CF,Pará,Mãe do Rio
10057824667,Corrida,Run,2023-10-17 21:31:18,4.4341,1427,0:23:47,11.185200000000002,0.0,vloKbpeaHk@Bk@AUA_@ImA_@m@MqBs@s@QIEEBBFf@X^Fv@XfAXp@Vp@JZJ`@BPD`@?lBGZ@~@EVCX@ZCZBtACX@d@A^CP@NCDEVABEGE[F}AA]@gB?k@@UAOBkEHcAAm@IoBe@uBo@eAa@GACDBFNHrA`@r@Xn@JRJzBf@dBBR@XCh@Bp@In@Bn@C^G`@@VCX@dAAP@n@EFECEEAgAD]AkA@UDaACcGHaAC}A]sDeA{@[G@?DBBfA^L@x@^pA^ZBbA\`@FxAEPB`@CX@PEZ@tAEhB@l@E`@B\Ch@@NARGAGICYBc@?kBBc@A_ABOB_@AqA@a@BgC?kAO}EwAUEi@QG?ABADBBb@NtCz@jCr@PBN?TBHCp@?,Pará,Mãe do Rio
10057728456,Corrida ao entardecer,Run,2023-10-09 21:58:23,3.2298,1077,0:17:57,10.7964,0.0,nloKdpeaHiA?q@Ki@OOC_A[_Dy@SGEEIAAFBDl@Vt@Ph@Vj@NpA`@vAZd@@vBExDEfBEtBAJABIIEmAC}DDuCFi@B_@CkA?k@IwCs@qBm@e@QCGIBADDDtAl@`FrAr@JdB@XEvC?nBGn@Ab@@fAEP@HC@EGGKAyAAiJLyA?g@Ac@IqCw@y@QeBk@?FDBj@\`@Jp@TtBn@j@Lf@HJD^@f@A,Pará,Mãe do Rio
9996094061,Corrida vespertina,Run,2023-10-07 20:11:58,3.8528000000000002,1374,0:22:54,10.0944,0.0,zloKnpeaH}@@s@EeCm@iCy@y@MOBGFYn@AJKRGTO^GX[`AOXo@xB]`AWz@Mx@EBYn@CVKTKFQ`@mCbIS^@?St@o@zAOp@KTi@jBOVMj@U`@]pAGHWr@IJWhASd@CLQ`@uAlEEFY~@i@tAAJSd@Sp@Md@Sb@Qd@ERQ\Sp@IP}@nCGNUt@]z@AJ@FF?DE@KJSAOJC?EFO@KRWZ}Af@sADSx@uBNm@~@gCFWZs@\oA`AeCNo@`AiCDQHOLe@FK?S^y@BQLWf@_BRe@Lg@DGPi@B?AYRy@HUPONWFYJOP{@FODQJIHYD[P]@ULKHg@FALHBAJo@?GCCBGFAHe@RUFY,Pará,Mãe do Rio
9964892553,Corrida ao entardecer,Run,2023-10-02 21:38:14,7.0294,2087,0:34:47,12.1248,0.0,rloKhpeaH_A@s@CQEQImAYIGs@SG@SIKA_@OWECEe@IG?EBDFN?l@Pl@RPBVJ`@HVHx@TTHp@J~ADZEF@PARBDCDBVADCD@FARBZEx@B\CF@~CIBARBZAHE?ECEECSDU@aA?gABOBs@AE@a@BWCiADgA?u@FQEs@AQAyCu@_DcAG?CB?DFDL@rBp@lAZZDDDz@T\FdA@VAF@v@ATCJ@^Ab@?^CR@nAC\Bv@AtACXCDCCIEAWBa@@u@@ICY@EAKBW?u@Dm@AOBYC{EHe@Ca@IUGCEe@I{Ac@YGqAg@a@GABADJFh@PXD\NrCx@bARd@D~@@rBCd@?p@ET@DAD@b@Ev@@tAAj@CX@JADKEEQBEA_@?O@gB@s@BKAKBu@AUBKAW@GAI@E?WD]C[Bs@@EAK@a@Cm@GGGG?SISAuC{@s@Ym@OAJFBRBf@VnBh@^Np@Nh@Ph@HdB@xBCXCz@?|AEn@?b@Ef@@NBd@CBIAAMCaA?eDFaC@k@D}C?UAmAa@iAUm@U]Iq@Wo@MCB@FDBrAZfAb@\Hb@NbBb@`ABfAAd@C`@@b@CrC?dCEd@GTDFADECGEAM@MAg@@i@A]BcAA_CDQAoCFaA?]Cm@O}Ag@E?WKQCe@Q}@SSKOC?JHFd@NXDLHXD~@\d@HTJXFFDrAR^B\CxA@b@Ej@BpAGJ@`A?bAGLB`A?VCBCCIMA]BWAEB[A[@aB?]B{@?i@BEAUBKA_@@{@DKAGBK?q@Cg@IoAc@,Pará,Mãe do Rio
9964734854,Corrida ao entardecer,Run,2023-09-29 21:33:48,3.359,1157,0:19:17,10.450800000000001,0.0,nloKdpeaH{@Bo@E_AYe@I}Bm@}Ai@IB?FBDJ?`AVtAd@v@PJF|@TXHXBbDE\@zAEjBAPCCI@BC?DA\Hr@AXCp@?JA@EEEEAQDiADuB@uCF_F?UGWEe@Qg@K]M]GYMgAUIE_@ICGK@?DFFXFFBfBh@r@Pp@TdB\h@@r@C`B?rEIrAAl@C^?J?DIAECAWDeA@uBDY?_ABgAAe@BS?_BB{@C]Gq@SYEaAW[M]Iq@WQEQGIAGFDBPDt@T^H`@NRBXLN@TJRB\LRBTHd@@PBnDANC~FGhBGQGg@D?BK?o@CMFQAUCQBOCUB,Pará,Mãe do Rio
9933627695,Corrida ao entardecer,Run,2023-09-27 21:44:19,7.0253000000000005,2300,0:38:20,10.994399999999999,0.0,dmoKdpeaHwA@YA{Ac@aAUIEmA]QIMAs@WICEDBHb@NHJPDf@RRBNJ`@Fl@PPB\NVBRJX?NDX@^CX@^C`@@VAVBZEX@hAEh@@^E\Bz@GLBXCZ@JADIGKSA_BJICg@BWASBKAc@?WBgAC_AFOAu@Bu@?e@AqA[MGk@KGEk@M}Ag@UEQAIIG@BHLBn@ZTDNHXFZLfATf@PPBVLVDf@@pAC~A?XC`BCXCf@B`AEf@BHCl@@TADA?EGGo@Bo@CaABUCKBw@@WAeDFY?i@@YCg@@e@EIGYEs@WoAYOKYEGEqAa@G@ADDHNBh@VXDVLJ?h@NJJ`@FfBf@t@DJAp@@^Al@@p@Ev@@RCLBdAETBzAE\@x@EHC@CEIICc@BkA?WBUAiAD_AAW@OAoCFiBAQIWEMGg@KgCq@yAg@GAGBBHDDvAf@pCv@t@Vh@Jv@@jAAxIOv@@p@EHBHABEIKKCEByB@G@MJGBMMsAAQ@QCy@@_@DoDD]EmA[yFcBGB@FFFpAf@xBn@ZFb@NfATlBCn@@xAA~BGrC?b@AHEF?EQSBe@C_B@_DJo@AmDDo@Co@M}@YaBa@aBi@[GG@?DJJ^JXJfD`Ap@Pj@JlAD~FCvFKZCDCIEw@C}NN_@CyBm@QA,Pará,Mãe do Rio
9914996783,Corrida noturna,Run,2023-09-25 00:14:38,6.1034,1913,0:31:53,11.484,0.0,ljnKtzfaHFSAGGAEBE^K^[z@CVc@bAc@xA]z@?FBDD?Dc@v@_CFU`@cAXaAHMN_@AMEEIBGh@Ib@[z@Mh@wA~D@HF?BG@MZoAn@oB^}@FWXm@FW?GAEG?CDIn@k@fB[t@Qj@EHUt@Wl@?H@DD@\wAh@{Al@qBXs@HW?EAAGFKf@e@rACPs@jBm@lB@FD@\wA\}@\gATi@Z_ANYFWAGEBWbAOXY~@S`@Y|@q@lBAFDHBCRy@f@}AJQFWl@gBZu@FWECEBo@tBWn@uAbEAJBBHEJk@jAoDTm@Le@\u@@KCEA?Y`A_@dACNYp@gA`DAH@FD@D]X{@`B_F\q@@KGEc@vAWj@Qr@OXSr@k@xAGRBHB?FKRw@bA_DVm@Pk@Vk@BKAIGA_@xA_CxG@JHMBKrAeEf@{AZs@?EGGEJG`@Yx@INMf@]x@Ux@k@xABHD?@CBQf@_BXq@r@}B\y@FUEAKNi@fBKRg@~Ae@pAUr@@FF?DW`@qArA}D`@aA@IGEEFG`@k@zAANYn@Ux@i@pAK^BFFCDUx@gCNe@^aA\eALW@KEGEBET,Pará,Mãe do Rio
9907541033,Corrida ao entardecer,Run,2023-09-23 21:42:28,7.2156,2395,0:39:55,10.8468,0.0,tloKjpeaHgA@o@Gu@Q{EuAYC_@?GAOHAJMb@Sj@YbAWr@GV_@dASx@Qb@Q\mAhE]f@GRQXSr@Sd@Qx@Yl@CVa@fAY|@IPENO^]p@aAxD[p@a@pAEFkAlDGTGLa@nASb@y@jCaBvEe@~Ag@lAY`ASf@Uv@iBdFER@DD@JENm@tAiEb@kAPo@`@cALg@LYb@sAbAkCJg@^gAp@iBt@aCZy@\mALWLg@NYDSZw@z@iCJc@Jo@FIFUXo@fAqCXaA`@gARy@ICCDSx@]z@CRa@hAOZWz@GX]`AYn@M`@IZO\G^Ob@M^IHETWl@K^EF]jAAJMPOf@@DQXi@`BYn@_@tAoC|Hw@bCs@jBs@zBiA|CCRDDD?BCDSl@mBnAoD^oAN[zDkLd@kAl@qBr@mBPq@N[v@{BDWP_@t@}BXsAj@oAd@yAXo@Rw@JYLa@Ve@Ne@h@aADWPF@Bf@J^LNAFFVFd@Jb@Bz@\FAb@NDDLFL@v@Z~A\VJFHXJPBVJn@LTLh@Nd@PvBj@v@\B?d@NLFBH`@Tf@Pl@F|Ad@FCDI@SN}@t@uC,Pará,Mãe do Rio
9907403737,Corrida ao entardecer,Run,2023-09-22 21:33:39,3.1753,1082,0:18:02,10.566,0.0,rloKfpeaHCCc@Fa@CIHGIKC}@S{Bm@aCu@MAEB@H`A\lEnAhARx@?f@C`MKTCHCEIEAOBuB@wEHOA}CDs@Ce@IoDaAqBo@E?EB?DDDjEpApBf@\DnDAjAEp@?hCG|A?^CBGEEqB@_JJu@Bm@DIEkAY}C}@qAc@MCGD?BJFx@ZlCv@RHBA?BCA@@?CnT?CCIAWBa@AmAFmGD,Pará,Mãe do Rio
9882865717,Corrida ao entardecer,Run,2023-09-19 21:41:48,7.0229,2365,0:39:25,10.692,0.0,dloKhpeaHy@?c@EoA[UCaF{AEBBFLDn@ZfAVx@X~Bj@|@JbCCd@CN@`@ErA?t@CV@tAE\@J?FEAEQE_@BmAC_ADwB?qAD}CBSEa@Ou@OqA]yBs@UECCIACBBF\JRJ@DNDZDLF\F\L\FZNj@L`@NP@PDd@AFBl@EZ@\AR@VATBf@CzA?`@El@AdA@XC\B@CEIQEY@}@?iABc@?eADg@As@Dk@A]By@AcAGkAYy@Ya@KUK_AW{@[EBDLLBx@Z\Fv@RvAf@\F^LN?TFlB?NCt@BVCp@Cr@DdBGb@@r@Cb@@PADECEKCUAG@o@AYDm@?mBF_AAsCDi@AoAO}@YQAk@Su@QeA]g@MEBBHJFL@`Bd@d@Hp@TdAX~@Pl@@d@Ez@@XCfBCf@@\Af@@p@CV@TAx@BHA@GCIG?MBwCBcCDeAAMDI?KA}B@iAUgBc@}@[yA_@SMEDAFJFZFd@PRBb@P\Fd@NTBRJd@N~@LhEA|AB~BKnB@JABGOEK@q@AwBFQ@k@@WBwBA}ABeAEwA]cBi@a@IyAc@IIE?ADFHF?ZLnA^vAd@bCj@dC?|AEpA@dDGl@?HBB??ECEEAcA?oCFsC?}ADsAG_@G,Pará,Mãe do Rio
9876394875,Corrida ao entardecer,Run,2023-09-18 21:44:56,6.9953,2300,0:38:20,10.9476,0.0,dkoKjpeaHe@?k@ImA[iBk@KAu@UYE]SEFDDd@HbHlBfABlII~@ER@l@AV@^CFKCCI?]FqADqDDsBBWBmC?w@KeA]m@OYMwA_@u@WI?AFA@DBf@FtBj@t@VdBd@\DjA?zBCzBAbBET@`@Cv@@p@EDEACECyAJ{BBa@BoAAwBFQA_BBu@GwGiB[OIB?DFBTBjAXTJ~DfA^DjCA\AdA?jDI`ABp@CN?f@A@IGCEAq@JSAo@DoA?qBFm@AeDH_AGcAUcCo@g@S{@SSIGAG@CDHBR@`@JlFzAbANv@?zDGX@~CIpB?TCBCACKCi@FgCFMAQ@{@?qFHeACs@OuBm@_Ba@c@Q]IKBBH\B`FtAvAZv@@tCC`FItA@|@CFABECEG?OBu@BiDFiB?c@DUAmADkAAiAQMGwCs@_Be@OIMACDDDXBjGjBx@LxDCDC^?RAn@?`DG~@?HAV@NAHECIG?a@Dq@BqEF{@BuCBeAC]Gc@K,Pará,Mãe do Rio
9876027882,Corrida ao entardecer,Run,2023-09-16 20:34:41,6.174,2176,0:36:16,10.2132,0.0,vmoK`peaHsABg@AQC}Cu@iA_@cAW]OBSTi@DWZs@J[^_AFYFONi@Z}@HKH?p@Lr@Vt@PTBJA^cAT{@^}@Jc@b@}@BUIMc@QSCcA]w@SaAQKGAIHc@~AcF@SHSReAHkATW?IPa@dAiEFi@j@gCL}@HSRyA?MKIa@COEuDWa@ESEOE[QYWOSQKYKUAeALyB^MRKd@@FFBAHHr@@V?GEYSaAIMYEiBZw@NKFi@HQ@_Bd@a@JyAVO?g@NmB`@]L_@FmBPe@?sAIO@IDKJi@dCu@lCIHQb@MPcAnBk@tAMv@OlCIl@Oj@m@nAgAtCIPEBk@lBSd@iBlBQRKVKr@MlBU`CAX@TKn@?TJH|@TL@f@Xt@PvBr@`@RRBhA`@fBd@`@PJ@JFd@JFDN@FDTBDDv@RNHlBl@zA`@dA\p@Pp@TzBh@bA\J@`@EHBtAZx@^h@L^Nd@Hr@DLHP@v@Pb@NjAf@tA`@ZLn@PHF@VLPh@ONFJ@NDT@\FH?BCD?Z^NHh@NpBp@RJb@Zr@TN@FDJ@NHF?JB`@NP?HK@UJ_@Vu@Ns@L[La@,Pará,Mãe do Rio
9844706955,Corrida noturna,Run,2023-09-13 22:26:06,3.3598000000000003,1087,0:18:07,11.127600000000001,0.0,`moKlpeaHkA@u@EgD}@a@OiBi@IGG?@HBB~@^|@T~@Zh@JXJ`ATXBxB?d@CfB?p@ElDE\Br@EXBNABEEGWB[CcDBu@DYC}@BiA@w@DyBCm@IsCu@]O}@Uy@]G?ABDP`@Fv@\fAXf@RhBb@TDz@AVBtAGbA@PAbA?pAExC?\CN@VE@ECGEEWF_@Ay@D}@?aHLeC@y@OsF_Bi@MGEEFDHJ@tAf@nElATBj@DbAC,Pará,Mãe do Rio
9844260633,Corrida ao entardecer,Run,2023-09-12 21:20:41,3.21,1071,0:17:51,10.7892,0.0,tloKhpeaHuABe@GwA_@_A[eAUcA[UMGD@Fd@HPFN@THv@NPFXPvA`@z@Nx@BpCG~@Bd@CnA?rAGpB@DCDIECeADQAqDHWC_@B_A?SBm@@]Au@D_@?u@K[Ma@IcA]o@Ke@QKAYIc@QMCIBFH^D~@Zr@PhCt@bAN|B?jAElC?NAbDCr@E?EICYAuABiADaAAs@Fg@CkCDk@BQE_@?YCoA[}@]_@Co@WyA_@IAAB?Bf@Pl@N~Bt@xBh@j@Dl@A,Pará,Mãe do Rio
9824775527,Corrida ao entardecer,Run,2023-09-10 21:57:10,0.8172999999999999,242,0:04:02,12.1572,0.0,,,
9824757937,Corrida ao entardecer,Run,2023-09-04 21:30:53,3.1982,989,0:16:29,11.6424,0.0,vloKfpeaHeA@u@KmCo@qAc@mA]O??HD@z@XbFrA|@NhFCvGKn@?NA?EEGGAu@Dw@AwBF]AgADu@AeDFm@Gm@QgAUSK}Ae@WCy@[E@ADBBXNvEjAj@Tf@L~BD`AGbA?XCXBf@AdBIjA@~@AHCCGGA]BsA@eADsAE}ADWA[BW?qADs@Au@MiBg@KAgDeAG?CBBFRHbHjBh@Fv@@,Pará,Mãe do Rio
9752281342,Corrida ao entardecer,Run,2023-08-30 21:13:20,4.899100000000001,2003,0:33:23,8.8056,0.0,zloKjpeaHcA@a@AWGE@a@OSCkA_@e@GUMQCsAc@MCED@DX@RHTBRHv@Vn@P\DLH|@Xf@JVBPCv@?V@hCEjAAlACL@f@EvB?DEYCw@@UAS@IAgAFCAoADWAYBKCS@[AqCDy@EkB]WMqBm@g@K]OKCE@DFr@VxA`@N??BDDbATjA\h@FxAAD@~@@~AEh@@VE`AAn@Ef@Bn@?RCP?HCAEE?qAB]EOB]AYBKAKDc@Ak@BQCe@FGAc@Bo@AYBi@AIBUCWBSCM?YMM?OKWCi@OQAIIEAO@c@UE?c@OK?_@MQMI??Bp@VrD~@dA\v@JhAA^CT@lCExA@`AEn@@p@Eb@BJC@ECCG?UAKDE?GE{@BYCQDSC{@Hi@CMB[?M@KAYBEEG@OAc@D_@A}ADsAU}FaBG?KH?CA?BCPDTJJ@TJd@NPBFDRBh@TFAFFN?XLH?`@DHHTDl@?TBh@AJBTCr@?fDEJAr@?ZCb@@FEh@FTEBE\?A@BBD?DIJAEDBD@CF?K??@CGECVHFHDp@N|@?JBDFZAJF^CB@L,Pará,Mãe do Rio
9748320517,Corrida matinal,Run,2023-08-30 10:09:42,3.7616,1453,0:24:13,9.3204,0.0,~loKjpeaHqB?wEoAaA[[CYOEBDHTH~@Rx@XhCp@z@PjA@|FI|@?JA`DEd@@DGGG{AFaA?oBDYAM@iBBc@BOAcCBWEaEiAoBm@Q??DDDTBtBl@r@NpBj@h@J`@@vBC~DAbAEdB?JCRBRCJ@CAJACKwB@G@GBc@CyFF{ADaAAQA@C?@C@SE_AW_@G[Oo@Me@QQCmAe@E?CBDFjA^bATXBj@NpA^^Hz@Jt@@^Cz@?j@@d@ATBt@ErBE`A?r@ETBBFBGF@BJ?VBF?T@?JRJp@Nh@AHD^,Pará,Mãe do Rio
9715161372,Corrida ao entardecer,Run,2023-08-24 21:44:41,6.0134,1707,0:28:27,12.6828,0.0,pvzr@z|stEgC_@cB[_@@UEg@Og@CIAEEoAS{@Io@Me@EYI_C[MEaAK}AWE?WGgBUeDi@SAwB]c@Ai@GWIo@OkFu@eAIwBEeDMgC_@aAGw@OKEYC}Es@M?iB]sAQwAUi@AMC[CQIeBYwA_@mAc@i@OeBo@gA[m@UwC{@kAc@YGKGo@SECi@Oa@Ok@Kk@Q_@Uc@M]IUIE?kBa@wCc@iDc@oAIaGMo@CoAOiI}A_@MIBLBr@HbATD?ZDrB`@h@N`@F\@DCBEVG`ABLM@GHCRD\?|@PfANHDZATBPFVX^B~Ft@vB\fAV~@XXJTNJDzA\|Ah@PHVDv@ZL@bErAbCx@^R`Ct@x@ZjBZZBR?VLr@FJCtATh@DnB\PBLAlBXx@PlBTNDDDD?VHd@DP?~B\`BLhFLl@D\FCBt@FrBZJDDATDjB^z@HxARFBL?HDj@DJBDA~@XJA|B\DARBF?z@Pb@F,Pernambuco,Ipojuca
9708334618,Corrida ao entardecer,Run,2023-08-23 21:13:38,5.0172,1515,0:25:15,11.9232,0.0,f|_v@tl~uEKEWSu@[WO]OE?a@Qi@_@M?UKaCmAUEo@[}DwBc@[o@[kA_A{@g@WWICi@c@eAm@GG{@k@WSsA{@cC}BICIGKM?GOLGBGLGBKVIHKTBHFDZFPL`@Lf@VH@TJFHPHHPh@`@F@FFRTh@ZD?DHTNb@`@`Ar@lAbAt@f@p@\HHF@fAn@XJFFJ@DLVRHN`@PHFXFf@V|@TPPJFTJZFTRr@TlAp@F?FDL?TJb@Fj@b@f@PLHL@BBNDp@ZTDTLr@VTD`@LHHl@LDARKP_@JGXDb@VNBCI[Eo@WQAWKG@UOaDaAw@]w@YOM]K_@S}@Yo@_@aCiAkBu@}@i@QCKK_Ac@SO_@OeBqA_@UWUc@[qAy@GIk@[o@g@qCkBo@g@q@u@eAu@EGVXj@d@j@l@VRJL^VBDnAt@XV`Al@JLZNRPh@\pDdCv@b@ZTnBdAHFp@^zCpAd@VtB|@bAh@zAl@LH`DfAVDj@LfCx@L@j@R^VXHFCEGs@Q,Alagoas,Maragogi
9701477318,Caminhada ao entardecer,Walk,2023-08-22 21:10:10,3.0151999999999997,2201,0:36:41,4.932,0.0,tv_v@bi~uEUMMAKIg@U]Ie@W_A_@SOQEEGECOM[OCCAKIMME_@AYOGAc@[SIc@]YOSCSQOGMO{@i@CG[OQSWKWWe@UKQSGo@g@eA{@e@UIKICEGKGMCCG[YQYSMIKKGMCYOSS?FTNBFZLPNZ\LRJHP@h@f@|@b@PLJL\Nh@h@LVHBJJRHj@d@JDPNXLVTJFNTPHF?d@NzA~@`@`@^JHLPFPBFCJDDDBHH@BHDFh@TFNNHHBRBFJH@DFF@HAd@ZP?PL^LDFLBFF,Alagoas,Maragogi
9668774087,Carrera de noche,Run,2023-08-17 20:55:18,0.4963,390,0:06:30,4.5828,0.0,d_pKdweaHAc@,Pará,Mãe do Rio
9662599044,Corrida ao entardecer,Run,2023-08-16 21:49:17,4.1525,2023,0:33:43,7.3908,0.0,`moKlpeaH@FGE_AB]MIB]QOAIGa@EEEWCwBk@GEC?QIMCOKM?OKE@EHDF|@V\HPBRJD?bCr@JHDC^Jd@Dz@?JBNErCEJBJCJ@f@ADC`FA\CFAEIq@?_BDMCYBc@Am@DgA@KCa@DGAQ@MEEDeBDw@ACCK?WGsBk@CCUAAE{@[uA]GEG?CBBFDDP@BDL?\NP@BDb@N`AVVJTFDAVL|@PrA@TAF@\?~@CZBb@ATCZ@~AGtCA|@IHB@DANFj@DHADF\J^BT@NGBIAWB]F_@@y@L_@?[D]?]F{@Bo@?a@FS?SBKAk@BUAKBsCEe@K]Oi@]u@]YSuBcAQOKAEECB@F^TNAVFf@Zn@Xr@d@XJVR^L~@Rr@?FBr@C^@AA@B?ALBXCD@rCOD@`@Ep@AXCT?p@E@C?BACBBLAhAMF@DDJ@f@CBFAV,Pará,Mãe do Rio
9655660323,Corrida ao entardecer,Run,2023-08-15 22:25:06,0.3072,61,0:01:01,18.1332,0.0,,,
9655641698,Corrida ao entardecer,Run,2023-08-15 22:21:21,0.0013,1,0:00:01,4.6656,0.0,,,
9655540404,Corrida ao entardecer,Run,2023-08-15 21:28:17,3.9874,1430,0:23:50,10.0368,0.0,zloKhpeaHg@@MECDMCCCWA_@GE?ECE@EEkAWcA]OCSKE@SEq@YOOED@HHHh@PLFP@HFHA`@RHAf@RXDTJz@RDDPDRAJDN?hCGRBb@ETBtBEvA?^AL@bAGL@DA?ECEGC[Di@@_@BS?C@ECYBKCQDW?KAMBIEUFMC_FHw@A_@GsA_@s@OGGqAYGGi@MYKKIEB@PJDn@PHAF@HDNBVL`@Hb@NJCNJPH~@XRB`ADJE^@JCD@VATBPE\BLCj@?hAGd@@d@EHDLCF@XCt@?BCLDFCV@@K}ADwB@y@FqADgCBqA?s@MYKoAYqDgACC?ECA?DDDdA\lAXj@RZFl@Rt@NhABfGKxA?dAElA?FCBF@EAEM?QFOCk@@UAg@DwA?wAB,Pará,Mãe do Rio
9635454673,Corrida ao entardecer,Run,2023-08-12 20:49:35,6.3884,2080,0:34:40,11.0556,0.0,tloKjpeaHyA@c@Eq@WSCCCe@K_EkAE@GDFBJAZNlBl@tD`AlABjCCn@Eb@@t@EV@~BEPBj@EV?DEAAUCo@D_@CIBo@@e@CkAHs@EmAHo@A[@WC_ABa@C]Ke@O_@ISKOAIEM?UKUCWO_@GGEUC]MACEB@DLBFH@DFBJ?@BD?VHT@NLL@VLF?^P~@Rn@HTJ|@B`@CxAANAb@B\Ex@AHBx@EL@^CfA?JCZ@n@C@CCIG?q@HsB?w@Da@AKBgAAoAD_@Aa@BcBESC[KgBa@{C{@SMG@?DNJ@D`@DHDN@HDTDJH^NN?DC?E_@MI@sA[s@IIIDGB?IHIVMNMZu@zBKRM^M`@CPa@hAG`@[r@Up@Kr@MPWv@]PJD?A?DE?@B@AE@AJKRKh@_@fACRKPGRMROd@Bf@CXLBNF?HANHDDFCJB@FHDBNL|Aj@dATVPBN@?AGE??CABEA@AJJJFlCx@H?pCfAdA^`@H\P~@RNHd@NdAVh@\\FNHh@Jb@NNHXDZRM\q@vBKPYx@Wh@cAzCKTGFKVGFKh@Q^YhAGr@@ZARi@tAEV?JDHPLH?PDp@Zj@Nd@TPDD?jA^N@LW@FGBGDI?c@Ui@Mg@ScAUaA]YMCW@QxAqEFIDUtDaLMYF_@ZaA?Uj@aClBgBHSRW,Pará,Mãe do Rio
9635248730,Corrida vespertina,Run,2023-08-09 21:18:30,4.1899,1728,0:28:48,8.73,0.0,nnhQdr~_HNMZe@`@Oz@m@\[`CiB|AoAxAiA\UdBsALOp@a@^]@IYWQES?mADy@Jk@@sBNk@^w@v@u@d@e@Pg@Ls@TG?c@T{AtAwAdAa@d@Q\]VCNC??@KFQPGJu@n@AJBJX\HRZb@`Aj@h@DHAp@a@fBwABETQPYXKlBuA`A{@`As@VWPILM|@o@`@_@`@WHMTM|AoAdAq@PSCIUQ_@IgBJwDX]EI@YLqB|Au@VsAZe@Xs@n@c@ZyBjBULQT]XWN]\g@d@KN@Hf@f@|@hA~@r@PFVB?AB@NEf@c@FAp@e@FKp@g@^i@ZKx@i@Z[lEgDZ[^UfByA\S^]TMJMJE^[d@[BE@EKKOK]IyAFeDVa@?[CoA|@_Av@c@RY@WJ[D,Pará,Paragominas
9609334844,Corrida ao entardecer,Run,2023-08-08 21:12:42,5.901800000000001,2623,0:43:43,8.1,0.0,vmhQtr~_Hd@_@LYHG\Mx@k@j@g@v@i@LODA`Ay@x@k@b@a@dBsAPKnB{A\Sb@_@?IWWQGO?yCNc@DMDSAy@FMDi@V}@v@i@\s@Z}Ad@OH{BpBmAx@uAhB[XKNs@l@ADNZf@r@h@f@PLZLXBRC~CcCLWNMVKfAw@d@c@dAs@~FyE\QPQd@[FG^[z@i@RSAGYY[GoDT_@FIAkAHg@Xi@l@[Vk@ZmAb@w@P]PqB`BsA`Ae@p@cBnBi@b@JV\l@`@b@d@^AACDH?^JNBRCPIPMHMFAPQf@[JMVOTSDMPU\Kj@c@LEDIXQDIFC^YRUXQd@a@l@a@DKv@i@FIr@g@n@k@z@k@^_@PGFKFAfAw@@ECKUQOGQCW?k@Hq@@_AFQDO?k@HIA[F]NSTW\{@l@i@XYDSHk@Lq@X[T?DI@GJOHYZ]T_@ZKBIHMFKHi@z@UTUXKPIRIDCJGH[PO?ABDNFJHPZ`@DHHH@D^TTPPF\BTEn@k@^UlAaAT_@ZMNKfBwAXOLOrAaAdFaELIZYh@[d@a@ZQPO@EWYUISAyGb@ULYRu@x@i@\w@Z{@R{@ZyBjBcAr@SP,Pará,Paragominas
9602700033,Corrida ao entardecer,Run,2023-08-07 21:27:54,5.0182,1464,0:24:24,12.3408,0.0,fmoKrpeaHYAWDmAKECQCGGM@IISCIG[KsA]gA]c@IMKG?KD?DOTCPQ^CPIR?RDDXNd@^\H^Pb@\h@TFFJBBDD?PNF?BDj@TFFb@NJARDXEv@HHEV@RCf@BJCD@l@AVGJBLCL@j@EZ@LIV?B@FC`@@JCL@TGZAPE^CTEj@GBCV@BEBOYeCIYKGs@DSC_@F[EcA@I@gA?KBMEUB]?YBICWBCAu@?KBmAB}@EIEYEEEQAaBg@IAw@YK?]MG?OIM@YSMBIJK\ILMd@EVGNNLHNH@JNH?b@XJBLLNBHJVJDAFDH@TLBADFLJPDDD`Af@ZJ\Dd@ABBLCR@HBBCPBTCT@PCb@B`@EPEZBhAKr@BBABCF@HCD@^CHB^GFE`@?JEXAJEV?TIH?BCRCUkCGGCWEGKC_@As@FsA?Q@EBMCOBKC[@WA{@@ODSCm@Da@CaADo@C]@KGWCwBm@s@M]OSEm@Y]GCCGFDFRLF?JHP@FDh@L~@XJ?JFL?HFn@T`APh@ABBR@VEbBANCBDZERBNCD@LCH@LCP?\GFFJAHBnACJATBr@Ap@GDB@IQECBKEODc@AGBk@@G@CEG?IDICCFG?SE]DMCQB_A?IBMEQ?oBFI@MCKBWAKBEC_@@OEo@EQKEBUCEGe@QsBg@EEk@W]GEB@FHFXLVFFFP@\LDCNHXJHAXNPBJ?FFP@HHl@HHDRAJDFED?BBVA,Pará,Mãe do Rio
9596681472,Corrida ao entardecer,Run,2023-08-06 21:16:00,4.0157,1260,0:21:00,11.4732,0.0,dmoKdpeaHeADu@EiA]K?KGI?IEOCwBq@y@QEIECMBMNGNGF}A|EGFEPIH@FEDI^EB?Li@pAEL@FSt@CHE?APMT@DKLSx@CHUVSbAMZW\GXMVGFIh@IP?DQZITCZQ\CLMNIPCNQ\ARWh@?Lg@vAOX@DGREBCRUh@EVCBEBAFMTKXK^C\GDCNQd@ALIP?BIP@JEBQl@OTKXCJINE`@MPCPCBAJQ\ALEBWz@KPEXS`@AJIHKV@DQt@E@GHG`@i@rAETS\?FGHCXIL?FKTMLQv@GRQTUfAEDGX]f@AFKL?NKN?LDLNAHQHY\g@?YHOHWFKBSHSJa@FI?GNa@Vk@?ILe@LU@ILIBSNYHa@NYF]Vq@NY?EFK@GNWDCAIDG?GJU@KDO@QJSFUV[FYDC@SHONw@HWHI@GNUJi@DAJ_@DEN_A@CDA@KHIDOPQBW\w@BK?MDQLOLa@LQFYHGBQAM@GHE@SH]BIFCHQBUFMNg@Xa@DO@a@DIN}@Rk@N_@\m@FUFCBIJKFc@Vc@D]JCLHLB,Pará,Mãe do Rio
9571585790,Carrera de noche,Run,2023-08-02 21:00:33,4.9197,1649,0:27:29,10.738800000000001,0.0,vloKnpeaHQCSDw@AYEm@S[Gk@Qu@QOGYGk@S[ESMEIG@CDDJL?LHPBfA^hAZLHDARHN?JHf@JLD`@DLA^BDAhA?j@C`@@NCPBNCFBPEl@?HCz@?LCv@@HCFBNCLBVELBLEH@@ECIG?WDKAIBi@@E@[AQBGCUBSAKBQ?QDG?CCEBO?ICEBUA]AGBWAIDCEE?y@Di@CW@EBOES@MCM@KGUCMIo@KGEQCg@QQ?UKE@IIYGa@MCESCKGIICAGLFD^N`ARLHD?VJh@LNHT?dA\\FFBH?NDLANBNGPDLAF@ZGD@TAb@?j@Eh@BTANBDA^?HCL@|AEl@@PEVBHCL@BCEIECKBe@Bm@AGDKEEBOAyALKEUDKEs@@MBGCW?KBg@AKBMAy@FSCU@c@IG?QIQ?OGSE[MI?MGOCi@Qe@Ki@WUCMII?CIG?ED?HVDFFD?ZNL?DDRB^ND?d@NRBHH^FFDTFjAR`B@JGVBdBCLBj@?ZEf@AH@RCPBf@Ej@BHED@ZAF@LAPABECGW?UDKCc@BOBYCMBg@@ICYDMAm@BWAi@@ICm@FOCIBUA[DQEKDSAM@Y?SCg@Q[EE@AE[GSIE?MEGGOAUIOAQIQCQIYC[OMMGHHFLBFFTDFDH?PJTHP@DDHBP@LFd@LVDJFL@TJR@VHp@BTDXCR?D@PCR@REPBNCVBJAl@?LCRAd@?HAN@PCPDHCFBr@Gt@?`@AFCBGCEe@BUAMBa@@MBk@?_@@SCOBGAGBEAM@CA]BIA]BMCQBECODg@?[BICCBc@CCBMA_@BOEW?IIq@O[COCMMG@EC,Pará,Mãe do Rio
9552635486,Corrida ao entardecer,Run,2023-07-30 20:40:56,5.011699999999999,1700,0:28:20,10.6128,0.0,xmoKjpeaHoB?e@CeHmBWKEKJSBSv@mB\iAFIPc@\mADGDQDGFEPHPBNHb@H^TPDLHJ@REFSTW@MFQHM@KP]H]FMRo@d@gA?OCEYU}@W]Qa@IE?IGE@qAWEEAIHW?KHMNi@FIDUJYF]DCHWHg@b@uAPeANc@Da@LQ@KBCFSAO@IJOAILW?QJWFc@Pm@H]?KHOFi@FOAELe@N}@HWTsA?OAMKIQEEDE?IE[CSIG@a@GI@GGMBIAI@y@KU?MEO?OEa@[U[[S[IEBg@ACBW@UHG?OFG?MFK?EBK@EBWDEBc@DOFG?CDMDEA_@DCDI?SJEAUHGDW@_@HOFO@IFK?IDgARGFO?MDM@MJe@@IDMD_@BIFM?]HMA_@PUBCBYHMAOLMDK@SFIC_@DGFa@@ICSD[EQBOEM?g@IG@ODEFKd@Qb@?LKRE^Oj@Ib@IRW|@MPIV_@l@CNY^ITW`@Qf@MVIt@?\EL@LGP@TEL@XIP?REVMRATQXEVOLe@bAOf@OZALCBOXKj@Ul@CLC@GNMTADMLCHMNQJKRMHKNMHAJEDG@IVEDMp@?NEPBZKT@PKf@@RGZCf@CL?PEPDl@CPPRVHDAHFzBn@PJN@TNJBD?HDD?HBBDXDPHNBTHj@H\TJ@PHJ@NJd@HJFBAFDDCPHLB^PVBPLV?v@b@NBBCVFDDJ@JHj@NJ?HFVDxAj@H?JDJ?RFNH,Pará,Mãe do Rio
9552504851,Corrida vespertina,Run,2023-07-27 21:13:01,4.2768999999999995,4110,1:08:30,3.7476,0.0,vloKppeaHy@?u@GeCq@WKiBc@s@UG?EFBBf@H|@VRBt@Xx@PZPz@RN@n@@lBE`A?b@Ep@@tBEf@CpA@J@ZC@EGIa@HqDBiDHu@A}BFoBc@o@SmBg@wAc@GDHHVD^L`B^xCz@\@PBbAAH@TC~@@v@Cn@?rDGvBA@OEA[DgADKBYAI@mCBUBq@A{BB}A?q@KQI_Bc@GCo@OIE[ICCq@O]OGDBFHDl@Jd@PJ?r@VPBNFD?XJPDhA^f@Bj@@j@CxDEn@AVGB@`@Ad@D\?JELBXABCFBX@^C?KICOBM?IDS?MAc@BYEUDOAE@OAOBMAE@[AOBSACD?DD@f@Ep@@fAELBPCR@@DP?JGJ?BBA?BEE@B?A@@EAD?C?BA?@C@F@IC@?A?BF?EBP@@CB@@AP?DGT??BH@@B@\B@?`@Rt@AJNXLFDPEPAPK`@@@IN@\Wn@@BZB\NDADDLBTJRD?DFFJDDHALS|@@LNHJ?`@LZB@DL@A@FFL@JFP?HDBE?CC?D@A@B@?FVJ?DDHED?CB?BCFBBCCG@F@CA@?CAF@O@LAEB?AA@BACCBBAAD@C?@CA@C@DA@ACBECFDI?H?ECA?HAGDCALA?@CCI@A?D@EIFF@EBACEBAL?AEBAF,Pará,Mãe do Rio
9521437518,Corrida ao entardecer,Run,2023-07-25 21:00:36,6.0143,2125,0:35:25,10.188,0.0,zloKnpeaHkA?w@I}Bo@m@KkBm@OIIAE@ADBBFBZDn@RtA\TJTDxAb@n@Hv@?ZAD@NE`@Ah@BxBAhCI~A?NER@DA@GKASDyABe@Dc@AeABkA?uEFc@Ew@MeFuAs@UG@@DDBl@J|Bl@jBl@\Hl@FfA?nAElFCjAEz@?h@CDEEEEAw@HqA?iCH_GDa@Ai@GyC{@]Ee@Qq@Oe@OG??FDBN?b@H`D|@z@Zt@NhABxBGbAB|HKPABEGEG?YF_@B{A?U@wABOC_@?eFFYAc@Gu@O_FwAc@OGB@HBBR@x@Vr@NdD|@z@LdIEbDGj@@`@ADCAGECUDoBDy@?cABm@AuFF[AaBYMI{EuAGEA?EB@FDBbAZnBd@jA^r@Rn@FjFEpBE|CCVBNCP@DIGEQAmADm@?_@BMAW@iBBmAF{@A{A@g@C{@Mw@Y,Pará,Mãe do Rio
9514956519,Corrida ao entardecer,Run,2023-07-24 21:18:03,8.0181,2744,0:45:44,10.519200000000001,0.0,xloKlpeaHeA?g@CcAQaA[aAUUKk@M}@]GD?DDBV@x@P~DlAz@PxABVCbCAh@E`E?t@En@@F?BIAEEAg@FuBF}A@iABcC@IBi@@cACa@EyA_@yAe@I?sBs@A?EH@Dj@HdD`A`Ch@X@z@?n@AHCdLKRABGCEe@F}@DuA@E@q@A{BF{A?mADe@Cq@GcFyA_A[CAIB@FBBX@vBj@VD~Bt@n@JxA?f@C|FGx@CVBr@?x@EDA@EAAMCe@FwADgFDmADsB?}@K{GmBICKD?B\DlGdBt@L~CA~AEP@j@CdBCfBGRDXAJCCEEA{FN{A?}ADcB?e@Ao@ImA]i@KMGWCi@Wc@Kw@YI?CDBFT@XFhBh@LF`ATt@TXHn@FvCCj@CfC?fDGn@?DDHIHEIGm@F{@@s@DwB?gBFkD@eAMe@K}@Um@UyA_@w@]I@CDFF`@FlGhBh@FvB@vCEd@El@?bCEpA?NA@EECQ@{@@OBMAe@DkCBk@CqAB{C@e@CeCo@m@Km@WyAc@G?CDDFPBfBd@xDdAj@H~DC|@E~DCjAAZCP@FA@ICCG?i@F}@?{@D,Pará,Mãe do Rio
9496323325,Corrida ao entardecer,Run,2023-07-21 22:11:36,3.1243000000000003,1164,0:19:24,9.662400000000002,0.0,jmoKjpeaHI@ECMAUBWA]@[CIIMAIE]Cm@S_ASc@QOCk@W[G_@MC@CF?BBDD@^JV@bAPVJ|@Tb@NnBb@dAEP@n@ARFhAAx@Cj@BTCf@@x@ETBj@EPBHAJEND\CHC?EAGMEYDo@@MDoAAc@Du@?QBqA?CCw@Hu@CYBY?CA@@Q?m@C[@k@OO?QCi@Qc@S_ASSKMBEII?o@SQMIHBLF@p@Dd@Jj@PH@`ARTHFDl@PJ?XLLBn@BXCTBZE^HT?@@XDXOJ@HAHD|@Bd@Gn@@v@EPBbAGT@LALB?EACOEWBm@Cc@B_BAgAFg@?w@FQCe@@_@CsADo@A_@OQCg@Q[CKIMECEYAa@OUCGEG?MKK?c@OCEKABDNHPBLH,Pará,Mãe do Rio
9465126886,Corrida ao entardecer,Run,2023-07-16 22:07:17,4.8315,3006,0:50:06,5.7852,0.0,jmoKfpeaHsABaAGWMoAWYIQI[IIA_@OoAYAGGAIDEJKBGHWh@U|@Q`@EPEDKb@k@fBSx@[t@e@|AEd@m@xAEBIPUZUz@C@UVG^KNCH@HQ^ALIJ?LKR@JSR]~@?JW^GX]x@@JKRGZGHIZCBETYn@AJe@xAMXGNALA@AHCB?FIF@DED?FGJANSTCRYp@Kb@[v@Ql@Ch@ETg@|AWr@e@fAENALuEzMm@jB_@bA?JDBDCJ_@HIV]b@mBTa@Ry@^}@R}@P[DQJOTm@Lg@DUP_@HYHM@WHK@KLQBSNi@HO?Sb@m@Pe@Pi@@]b@}@Pk@Vm@Fc@\aAR[Je@Vk@Jk@PUJSFYl@cB@[BMJKPs@h@cAFYDCB]Ha@Vk@DSh@kA`@uAFGZFFLHFDHJLJ?FGNAPBl@VTDn@VTB|@XBAZFXN\?ZEPKh@LZ?XGLK\Nb@LXDp@VH@FDnDfA^Pv@NJFTVPJ`@DjCv@F?HEFONOJUAKDI?KNe@VgAFGBU,Pará,Mãe do Rio
9446374396,Corrida ao entardecer,Run,2023-07-13 21:21:57,4.285399999999999,3260,0:54:20,4.734,0.0,`moKfpeaHgA@g@CWEaCo@y@QYMiA[QIACCD@FD@`EjAfBb@l@FVBxAAlCInB@LCLBlAGxAAJCIA{AFsCFq@CyEHg@?_@C{AY[Ma@IQIYE_@KwAe@IAKEJ?FHVFZNlCp@PLF?`@NXHr@Jj@Ad@@~@GvC?LCN?p@Cj@Bp@CxA?HC@GD@G@@Bd@Aq@Iu@@OBeBDmC@mDDmA?[EgAUs@YQCeA]y@Oi@WE@?DHFfA`@vEnAXFZBpA?x@APCnDChAG^BbACh@@HCH?FGACI?ACC?BA?BBECDICKBW@GBa@?IBk@AIBe@?Y@IEYFKCIB[A?BMCEBa@@]CSDMAECc@B}A@OEO?c@O_@ECCg@OIGM?_@Ic@Uk@IECUCKEk@MBBn@PTNv@P@BJ?l@PHDh@JRJh@JLHL?HD~AARC,Pará,Mãe do Rio
9446170397,Corrida ao entardecer,Run,2023-07-11 21:55:31,4.0118,1377,0:22:57,10.486799999999999,0.0,bmoKlpeaHsA@e@EsA_@WCy@YyBm@KAOKMECD?DDBT?PDlCx@F?PDr@Xn@PZBDB`@?LGJ@h@AVBNCL@`BEX@NAJ@v@Cj@@BCP?D@pAEt@?PCD@EBQEsADWCyBD]Bg@AcADqA?kAD_@A]EEEu@MQII?i@QQAy@WMCMGOAWKQAQGOMEA?FDBt@TX@PFVBh@PRJN@ZNV@hA\TANDZADBZCLBPEP@VCX@f@Cd@@p@CJ@dAAZET@n@AVDz@DXEGGy@?oABqB?wADQ@EAaABCAUBc@AODOEs@Bw@K]MQAMIQAKEE?y@WGGOEG@{@[OA[MGEI?ADFH^FVBlA^hCn@BBVDLDT@FBx@@HCz@BFCT@HCnAClA@l@ER@HAH@lBED@XAXFN?IIQCIBO?k@B{@?Q@g@Ao@DQAK@aA?I@k@@,Pará,Mãe do Rio
9427180189,Corrida ao entardecer,Run,2023-07-10 21:39:52,8.015699999999999,2664,0:44:24,10.8324,0.0,zloKjpeaHK?GBqAE}@UCCs@OWK]IOII?UKo@M{@]ACI?AFBHBBv@VrA`@N@tCz@^BdBAHAH@`@ED@TAF@h@A`@@~@CR@j@ET@BAJAXBTCD@HAlA?HA@EAEG?QDO?[G}CLsC?eADkC?KEO?cA[YECEI?a@KYMc@IkAa@GGYGAL^NH@ZL~Bn@LFh@J^Lh@LHAPBpAANBJCH@dBGf@@d@CVBHCP@ZE|@?NCrABZADGIGg@BOAIB_C?qAHKCkADe@ASBaA?KBgACcAQOKO?kA[uAe@GA]OOC]OGD@Ln@NFFt@LVJ^HzAb@NBVJdANTCP@HAd@?f@C^@pFKP@l@Cf@@BCRB^CBGIGEBe@DaB@{BFEA_@By@AIBg@@KAWDCAE@UCe@D[?}AY_@MwBi@c@QeAWGCCGGAGF@DDBl@NFDbAXDBz@P\Ll@LRJt@LpA@^CnBAn@CT@^CJ@BAT@`@GRDDCl@@VAR@PC`@@TEAGEESFWB[CsADcAAaADOAgABG@m@?IBw@CIBIAm@@q@Ke@OkAWiA]QI}Ac@AHBBb@JRVR?DCJBpBj@FDr@Rz@NjABzAGpAAF@BCh@@t@EN@XCX@|@CV?JAv@BFC@EGE}@DeA?MBa@AIBUCu@FgBAi@F[C{@BQ?CCw@@_@EMIqA]]G{Ai@qA_@K?CBBJPANJJ@\NVDhEpAJ@HDDARDpACF@r@ALAtBET@JAD@Z?RCD@TCX@RCDBh@Ex@?`@EAEW?cFFiBFa@AU@ECW@CAuBFg@ECE]Cc@OMKSCMGKASG_@Kk@Sc@Io@WIACFJJf@JJFXJF?NFD?d@HRFLHL@LHJ@BBJ?NHJ@@BDA^L^F,Pará,Mãe do Rio
9365051285,Corrida noturna,Run,2023-06-30 23:30:41,5.0177,1723,0:28:43,10.4832,0.0,|loKjpeaHcB@UCqEkAuAa@W@SIOJ}ClJMf@o@lBCRg@lAEV[n@Yr@i@bBWr@IZS^o@xB[p@GVYh@_@zAyAfEK`@Wr@CLGHoBzFk@hBUn@Ql@s@xBO`@OPs@tB_AzCm@xAu@fCYl@ARFBBCXs@\sAn@cBv@_CVo@tAgEP]FSRg@d@kBTi@rBiGBGjAmDLYPo@JQV}@FO^eAH_@|@}B~@yCz@gCLYd@}@La@J?HFTF`Bj@d@F`@?x@PlA`@NHd@Lj@RTDr@Xr@PNDDFG^@FDDj@Ab@FHAFCH@|@VDLJHREVDhCz@`@\f@Lb@PjBb@LABCTo@`AwDHi@,Pará,Mãe do Rio
9364930680,Corrida ao entardecer,Run,2023-06-29 21:54:15,0.5501,188,0:03:08,10.533600000000002,0.0,zloKnpeaH_A@k@Eo@MwAa@,Pará,Mãe do Rio
9353279594,Corrida ao entardecer,Run,2023-06-28 21:24:14,4.3042,1429,0:23:49,10.8432,0.0,zloKjpeaHy@BYEm@EiA_@k@KGEOCIGw@Oi@S[GWKK?@N|Bn@l@Jf@TN@v@X`@FD?^Dj@@xAEd@?JBBCrA?r@GnA?JBJGN@DCd@Bx@CVCDICCICKJCBEEOAKB_@CaAFg@?IBSEUFWEOBSA]@QBYCQBqA?e@@o@CI@ACQAKIEBKCTEi@?QCyA_@OIQ?g@QEEy@UOCM@PDAA?FLFlD~@RHH@bAZz@HnBEnA?xAEnCCf@@fAER?FC@GACKCYBE?gAFOCMB_A?ICy@Fa@AYBIAKFM?MEMBQC]DOCa@BoA?aAQ_AYo@KKIQCm@SUGACSGQKG@MCC?ADJHn@Pj@LfCv@VDDBb@Jb@F`FEd@@tEKbA@RAJEAEKAgBFu@?aBDuEBk@Be@?sASy@SiAYmAe@w@SPHLNtF|Ah@J^Bj@A,Pará,Mãe do Rio
9353090091,Corrida ao entardecer,Run,2023-06-23 23:07:05,4.7565,1716,0:28:36,9.979199999999999,0.0,`moKjpeaHyA@i@CmCy@k@IiBo@g@ASNuBfGKb@w@vBg@hBi@|AGRi@nAK\Wj@Yv@[hAg@lASr@MZAJOXIV[p@Mr@Sl@Sx@[n@Qj@Uh@K`@MVETMN@DIPAJK`@c@lAKPa@tAKPEV_@`AOh@KVKj@kBlFSl@?FWf@Kf@]n@S|@Q^_@nAO\I\Ud@Id@D@DCRYP_ANm@Ri@Rc@|@yCLU^iA^aAPo@z@qB^wAl@_BVaA`@eAVu@P]V_ANYFg@FCDIAKBILUTc@DACG?CHS@IDCN[HGd@sANg@Bc@NU?EJK@QVi@Fa@FAJO?IFa@BAJ]Ji@DGCC?OPYHYV_@?IL_@P]PW@I@@DIFCEE@IJ[f@HtBn@`@FR?THRBtA^b@RdAR`@LXNlAb@f@LVP@EFAf@Xd@Ll@TnAZp@\t@Rn@b@N@|Af@P@n@RFCFWRUL[Nu@b@eB,Pará,Mãe do Rio
9316213515,Corrida ao entardecer,Run,2023-06-22 20:28:11,6.0283999999999995,2085,0:34:45,10.4076,0.0,hh_HppvfHI\]`@K@UNc@Rg@\ODABKDCDSHI?MLKBs@JIFO?GFUDM?CDGEOFW?GBM?WDMCIIG?IM?IEE?EMGAi@@KCSBOAO@GEY?GEKBg@BGCIE}@BMCKBGEY]eA?MKMAQS_@Ww@IMESQQEMKIMWKIKAEIUOIACIe@c@_@YQIGGMUK_@Ao@ECBEAIBUJW?GFI?EJUBAV]TALCBGF?RSXEJG`@C`@@DBHAF@LADCDSJGDSAKBIAUOm@CQm@yACQOYGECMGEAIGE?GGGWe@KYKOAK[i@Qi@IEM[GEK]GC?EKOM[IIC@?@D@@AS[GQOQ?KGCCMIGCOMOCIGE?EW_@KU?GKCGGCUICAMQYSu@KKOY`@pALLHVHJH`@FHF@?NFBHTB@?D@CB@V\Vt@HJDNFF@JXj@?DHHNXB@@FRb@FHJD?DJT?JNPN^\f@AFZn@@NNJBPHJ@FJLFRTd@vDdK{DoJo@?cBJm@CEBW@KCEBQCG@KCE@MCW?KCK@UGKBSEOAMEQ@OGI@OEKMAMFMBUFGBKEs@CCG[CEAIMYAMGGCOISCQM_@ECIMCQDGQ_@Dd@ZfAJj@L\@DJP?HBBH\DHFl@CB?HADKHAFKFMTSNMNy@\m@HU?YC_@HIAO@EB_@?q@DWAI@EAI@OCACKEk@c@Qi@IECKSQKQOkAGIIEEO@COe@?KEGCYCKECCQGS?IKMGi@KOTYVMPYRMBGBMHEX[BKJE@GEQ@?KKmAs@EG]MGIYM]UYKEAKKKGi@WYSOCGIE?_Am@WICEIAKIg@SAC]G[SWKUOQIEIICAEe@QMBQHMb@GHAFIPETKRQn@AVEBIXCRGPAPKV?XDPADl@VVFhAHPAJBDC`@FRCTDFAF@BCJ@FCJBLCn@Fn@GH@PEn@BRAN@d@APBf@An@JL?f@JDATJDDZBHHGHGNMLYPILYRMRUNGH?PH`@?JFRFB?LFJ?H\fADXJRX\Dp@Lf@DJHHZj@FRZ\ZNLB^DR?TDHCb@?vBMj@EPKNA,Pará,Belém
9310188403,Corrida ao entardecer,Run,2023-06-21 20:18:16,6.3532,2089,0:34:49,10.9476,0.0,ph_HbpvfHKZMJ?PSREBU@ADYNYVUJEAEFs@`@K?CFi@HOFOB_@Ji@FGDI?SDW@UBe@OKSGGM_@?SCQ@i@EM@MCKAWBC?QDGCqACEAOBUKY?WSg@]wAOYG[OOQa@][S]ICCG]UKOKCUSMEAEGAEGEAGIGAOOAGGCEO@MGKCU@q@BIAIFIAEDG@KNQ?EVMNQL@LCFKHADIXQRAFCF?LANBLET@REX]JY?EGSGGBIAMES?IMECG?IQSKAu@DM?e@DGCOFECGB{@Ac@D_BMIBQEK@KEO?UGWAG@a@E]Ia@DMJADQLCFOF{@PWAWGO@ICa@DEAOFWCUDICOFOC]@]CQI]YGOKIQi@OMEQIG?GEE?KEIBOEYOKKQ?IKY?OII@ICKEC@GGIKm@IU@EKSAI?UHQTSD@JQDCBKFED?DGTMDEBKPEBEHWCMEKQOSKCCMCe@SGKc@Wq@YGGOGIIUGUQMGE?OMMCKKQIECCAEBIOKAEGOGEEGAOKE?MIYYYEMMGAKKUAKMMCCEGA}@i@GEMAMPERIHAFBBMV@DKX?DIR@FOJE`@GL@DGJMx@KZCRLj@\JJ?THVDJCNBTEJBr@@BDF?JCF@PAH@LA^D^Kb@ATGRBHChAAl@Fd@AZFj@@JD^DLCFOCKIEo@DME]@GEY?ECk@?KCQBc@AEB{ADWFiAAu@FYGG@UIK@OEO@QGCBQGG?ABG@AEICYAm@SE@GCG@_@II@MKI?GG]IEGKAc@UOEWQOEEIOGKKUICOWKMOYQCIW[SQGMQOAIKMIOOKCMMMKCOBDNLFPZLHBJXb@Rb@B@PRJFJJ?DTTDJ?JUFGPIDGH?^NVRPNXf@f@b@TL@VND?x@b@RFNJJBJJJDDCPNLBLLRJBAB@RRH@\T\FhAd@XNDF^NRNF?LJXHFF?BTJFJJ@VJLBHHJF@BD?f@PDCF@HLp@Z^XRFJHJBj@XXDTETMJSPM@GPSB?NRADBFAHDRCJJLDTF@DPJL@FFF@HHPV^j@ZRDl@?JF^I@BL@RGT?XCV?h@If@CJGZGRKLAb@a@RFNABBLBRHDAPBDAFDL?LDL?JBx@?H@@DX?TDh@?`@Gn@C,Pará,Belém
9297878235,Corrida ao entardecer,Run,2023-06-19 22:03:47,2.6820999999999997,914,0:15:14,10.5624,0.0,|loKjpeaHoABo@IgEiAkA_@a@QI@ADDHL@fFzA|@Rh@HlEApDKbB?t@GZDJKACGCg@FiBDi@AyDHwDBm@IsA[cBe@{Bw@I@?FDFbBd@v@Nh@TtAZLFd@HbA@fAET@~@CnA?pDGh@@^CPBFADEGIy@DaBDi@AmDHeEBwAYeAY,Pará,Mãe do Rio
9297666067,Corrida ao entardecer,Run,2023-06-15 21:53:32,4.9896,3025,0:50:25,5.9364,0.0,lloKfpeaHM?_@Fg@Gk@Oi@KqA]g@Q[GSKeAWKKE?A@?FBDn@T\FRL^FRJJ?JHN?DDLB`@Jp@Tl@Hv@BJAN?^CT@hCGh@Bj@Eh@Bl@GFBzAAb@GDC?ACEGAa@FI?EBOAYB]Ac@BUAi@BaA?KBa@Ai@@EAcADqB?gB[OKk@Km@Ue@K_@M[E]MMKC@CD?DNBRLR@^N~@PPJH@DDzBj@d@F^AJB`@?XCl@@zACNCZ@n@?h@Ej@BLCR?TCl@?XCZ@FC@GIC_@FaA@KBc@CIBu@A]@}@?g@DMCM@I?KBM?K@c@CiBD{@OWKm@K_Be@E?SGKIa@KM?e@MEME?EHDLH?zAd@L@lA^fAT`@Pb@HT@nAAX@bAEtA?hBEn@?PClB?VABC@EIE_@By@?KBGAGBIAc@@KAMBMCODKAs@@KAK@_@?KB_@@QCUD}@?c@Dk@Ca@IYIc@Ea@Mi@MIEi@SMA}@[a@IOMG@ADDJl@J@BnA\p@VnCr@RBv@Bh@Eh@AF@XCN@DA@BFCx@CdC?|AG|@@PADACABALABGACE@?@RDLDDDBF?h@Lt@Nl@B\Er@Eh@Yx@QXUj@ETFPFDnC|@nBd@xAj@RDNJB?IC@ADDEIC?CJFBAA?D@?E@?BEBCA?BBAACB?ACFB@B?GCDFDAI@@?@A@?E@@E@@@AG?BB?CBD?CCABBACA?FBE@@AAA@@AB@IE@A@DB?MACB@@BC@EB@A@@ADDC@@AAABBAA?B?E@@C@@AG?HC?EED,Pará,Mãe do Rio
9252885346,Corrida vespertina,Run,2023-06-09 09:04:44,6.0201,2242,0:37:22,9.666,0.0,|moKnpeaHeB@o@GuCu@aCs@[GU?I@GHi@~AARDF`EpBrBjAx@Rb@BhCB~DOrDSfAO`AENG@Ge@aDIIWEqBD_AAuFLu@@c@Ca@Bq@As@KcGeB_@EOFWj@WdABHlDfBlCzARHl@HvCBzBGPCV?nDOr@G`CUHADIc@_DKM[EsIJk@BKBoD@_AKg@QuDeAwAUEDc@jAMd@?FFFPFl@ZHBvAr@bCrAl@Vn@JnD@bDMBC~DOxASl@EHEAWa@sCIKOAeCHaD@k@BWA{ADoC@c@IkF}Ay@QOBO?A@]z@S|@BBhBbA|Av@lAr@v@Zt@LtA@D@hA?rH[fE_@FE@Ea@aDCIOGiFFmA?[B_A?q@Do@C}ADc@GmBg@,Pará,Mãe do Rio
9252880524,Corrida matinal,Run,2023-06-05 09:11:22,4.3601,2904,0:48:24,5.4036,0.0,nmoKnpeaHyA@e@CEGM?g@KwA_@iBi@oAWOBCDSj@YdABHVL@DfCjAtC~ARHb@Hv@DfC@tI_@dD]DI?EIYI_AQ_AIMUEcILeGDa@Ei@MqEqAkAQG@CDa@hAMd@@JDDzAp@nAp@THtBnAtATHAzB@n@?fAI~ESn@ElCY@KG[Y_CCEMGe@CgHLgEBcAAe@E{Ac@[GgCu@QEKGMCOMC@CFBDJHTHNB~@ZpAZnBj@n@JvGGdDI^@l@Cf@@NE^?DDBLJdAHr@HX@bA,Pará,Mãe do Rio
9205928233,Corrida matinal,Run,2023-06-04 20:45:09,5.1303,6575,1:49:35,2.8080000000000003,0.0,lmoKhpeaHwABk@IoAYq@UoDaASAKBMNSh@_@lAq@lBSd@Ul@Or@a@x@Mv@OZ]dAETi@pAe@zAIH[p@Or@Yv@@HEF?NEFAEGHGL@HEDG@ABEZER@JGBCJCB@FCJILE@IVSPWnAKLIXCTILUv@KRCVWh@CLGDKh@EFG@GH@FGJIf@C?I`@IPK`@_@n@Kn@EFEVMR]nA]x@Qt@KNIZMVGTC@CNYv@EX[r@?DUd@K^ILIb@]l@Kd@IXQVK^C^IRK`@CTc@lA@B?IX{@P[Rw@NUACRm@A?F@HMVu@F]NQ`@_BHMDUHOBK^eABQFINg@\w@ZmAFGJ_@RYt@qCv@qBF]FKFW^{@b@{ATk@@GHQH_@HOJ[FU\w@?KLYDSLQT}@RMCAAMJOFYRMHQ?GGK@GRc@@IVq@BONYL]BSRk@HONENg@J@fA\h@XVDv@@j@R^DPLxHzB`AZRLt@PxDjAh@RPALQDWn@}AJ]`AeC`@wAp@kBHGH@lC`AfATh@TzBr@KAAE?FAOADBAAACFDBEFD@O@A@@JDGFDECDIGGFFC?D@AA?B?A@AC?D?GA@B?GCB@AB@?C@@AB@@C?@@?GA?@@EBD@?BAKAA?@F?E?@@AB@CA??@?EEFB?ACFB?AI?JFGKJHCAABDECB@EC@@CC?@DC?@EBDCCA@D?AC?F@CIC?F@@C?B?CAB@?C@BAD?A@EB@AI@@E?BDEA?@GA@BEB@?AADBEEFBCEAF?@?EDFEM@DC@BB?AC??B?C@B@EB?EB@B@CCC@FAICDD@CG@FA?B@AEDDAC?BCA@G?BCABBCCB@?A?@CA?@?CBBCC@BAA@BAAD?CA@ACB@?AABBEE@BB?CA?BAAB??C?@?CAABFIABGBDC@@B@GBB?AB?BFDBCEC@ABB@CADD@E@@CCA@?A?@@@ECBA?DCCDBIG@DBACABD@CCADBEA@@?CBBA@ACD?CA@BAA?@ACDAG@@@?C@@A??C@?A?DDCC?D?C?B@C@@A@CABDAAA?@AC?B@AA,Pará,Mãe do Rio
9184762983,Corrida ao entardecer,Run,2023-06-01 19:39:47,6.0188999999999995,2041,0:34:01,10.6164,0.0,dmoKhpeaHQAIBKAE@GAKDq@IG@WIG?GEG?UKE?GCe@KOGIAGEUCe@SG?EEM?WKYEGECEG?CGE?KBGFERWd@Qj@EH?DBPTJBHH?JHZHPNNBHLLBLJN@LNRHXNLJVFDHLBDFB?\RVDBBLBZ@Z?FBLCBBp@?FBn@CFBDAH?DCD@b@ED@FCFBTARGHDNEP@DAJ?BEt@@LCFB`@CHBHETEb@EJCL?FE`@AFAD@PGH?REDCA[EK@E?GIOWaBUMM?QICFq@?G@UAUBGCe@DAAa@?MBECK@UAGBEAMBS@GEMDYAg@Di@AGBMC]BUCIBQ?QCG?CBCCUAG@_@M}@QCEO?GGE?IEI?MII?QGGEM?III?CEO?IGG?GEOCKEMCCKGCGFCHGFAJORIZGJ?LGHETDLL@p@`@F@BDRFDFHDTLF?zAz@XJFH`@NJHPBFFRBHFNCLBFAb@BPCHDTCFBRCLBH?HCN@TEH@J?BCTBPGb@@NCHBTGL@LCJ@REVBDCh@BHEPABCP?DCVEFBLGJ@JEp@CZQS_AA]GMAQEG@KGYWI}@De@CGBQACBiA?K@ECODGCMBGCMB]?a@BMA[BECK?ID[?IAOBKAG@SEMDECM@OAMBc@G[AMGu@QIEOAGIQ?GGG?ECUCQKM?MMQAq@QO?MIKBMFANML@DO\EVGJ@DCNBFN@NNJ?`@TDFL@JJLBFFJBVRH@FFJ@LLF@b@X\N@DHDNBFHTBLFP@FBXADDLCXBPARBBCpA?DC`@?LCZ@TGRBHCBBd@ED@HADDBEXEHBLCD@PAL@JCN?BC`@GN?HCTANEJBPGV?BCNEBGAMEEAe@Ga@EC@ICC?MCIAYGMOEU?IAGBKCGDgACaBDIAy@DQAE@S@MC]Bq@Ao@Dg@COBUAYBYCECG?UIYC[IWKI?WKGAIEE@MGG?_Bi@YESMK?IPEDi@tAA^@FZJLHXJ|@h@LBFFLDHHj@VrBfAp@HVAJBx@?ZBLCLBDAR@TAFCD@VCFCHB\EJ@RCR?l@El@CHCR?PCNBVALCH?p@KR@PEZ?ZIBEEk@CCA][_BECOCeA?,Pará,Mãe do Rio
9178656755,Corrida ao entardecer,Run,2023-05-31 21:19:06,2.723,1670,0:27:50,5.8716,0.0,~loKjpeaHqA@w@IkCs@wC}@I??DBBNBdBd@fEnAjABbACd@?bCCx@G`@@dBCP@`AET@BEQGIBo@Ak@D]Cc@Dk@A}@BUAc@DcB@UAE@IAEBIAg@Bw@A]EaA[_@GIGkCs@c@K[KCBDHv@R^N`@J^N`Dz@ZBrDC~ACVCzACN@^CRBhAE\@p@IHJBd@PfAAHFXDH?ZBXDH,Pará,Mãe do Rio
9108903241,Corrida ao entardecer,Run,2023-05-20 20:42:26,3.2782,1092,0:18:12,10.8072,0.0,bmoKfpeaHuA@g@GmBe@gEmAUGCDBFL@p@RT@bCt@hCl@bB@~@AX@TCrA?p@EvEEl@GDB@E?AMEiAHg@AsCFI@MAeB@SBKAUBMCgAD_A?e@EWGcCs@MCyCy@GB@FP@lAV`EfA`@Nt@HrCAnCGdEEbBEFEAGEASDyBF{EDy@DmA?u@@cAAeAScBg@[EqBq@I?@FXDbAZHHh@Jd@LlBf@^F\@bAA,Pará,Mãe do Rio
9096637361,Corrida ,Run,2023-05-18 20:09:50,2.8184,943,0:15:43,10.7604,0.0,lmoKdpeaH]@KAOBKAKBSAECa@CMIc@Ie@QI?UKs@QOGOAGEQAWOe@GUKQ@CFALMVETIPCPIRANBDTHDHTDJJHBLD@DHBDFd@PLLp@XBBLFHFRFPNJ@@FDBPBDFXH`@FL?FBNAHBDCT?\DrAAFBPEj@?FE`@@bAKF@l@Ej@AF@f@?ZEf@Mf@GH@JGD@d@EDADIIy@UaA@GKk@k@KEBoA@G@MAI@_@AWDc@AK@Y?O@GAM@YA]DKCIDKEMDOC_@BOAKEC@?Ba@Bq@Cc@@CCQCa@ISIMAKGOCGEOAEEWCe@QUECCQCk@QK?MGCEKAOHERUf@ALUl@BNv@b@L@BLRBBDPF@FL@v@d@JCTB@DPTVLb@Xl@Tv@FXAHD|@AJBJCT@VCT?lAKH@,Pará,Mãe do Rio
9078679879,Corrida ao entardecer,Run,2023-05-15 23:23:08,5.0171,1568,0:26:08,11.520000000000001,0.0,|ezFvqocHTBL?DCF@F?BEV?L@BBVIR@HEDEDe@?UIk@BKGa@Ba@EQIGSCCBM@EAECs@@QBEDYEO?UHY?IB]CSDGEk@BKDi@@IJ@t@CHBHAVBB?JALBFANDJ?ZFFTDREr@?HCN?h@FNATGXBJCD@LENA\DDAJ@N?FERCJBHAFCBM@e@GQBIG]BOAKCE?EBEASAUII@GSCYBCCa@BMCeBNCCI@GAMBa@BSCOBa@Ca@BMBEL@LCD?JBJCPDH?JAFBHAp@BJ@TBND@PCD@ZAD@TCH@FERBXAPF^EJBPAJEXBLALED@ZC\BBCJ@HAFEJm@CK@]Gi@EODQCMAWQOU?OCGBICuAFWAC@M@CB[AMDYASBGCGBWCWDW?ULCX@LBDCD?LCF@D?J@BF|A@FDB^DDCLBb@?LG^?h@HJCNANEJB@EZ?J@PAL@TCX@LETDDSAGBCFYEKEOAk@GWD]Ea@E?CCSGQ?ICa@DKGCBM@UFSCEDYB]ACBECUDc@AQD[COFCCWBGDI\?ZFv@AN@PA\BBAJFJR@BCJ@VARFHENCb@@HBf@?DGD?FBF?DGHFBED?f@BHEDDNAHGJBDAH@HEX@FO@MCIBMCM@WAQCECi@DYEK?EIMG?EEU@UEg@FU?cAFSAKBSCMDe@?OA[BC@ICGBGAE@GCKJAF@f@AF?R@BCF@r@CJBD@XFLDFL?RBR?PCV@JCJBTAh@B`@EF@\EH@DCFADBFAF@LADBFEDBPED@BCF?N@FE@E@SGKH]AIGC?E?IBCGI?OBMEc@@OESKCo@AMBSCMDKCEBI?YFWAa@@EAQDy@@[Bk@?KBIN?NCD@F?r@DVCd@Fn@FBZ?JBTCBBLCR?^ETFBE?AA?RAL@NAF@b@CLBBE^Bn@Il@??UAI@MC[FQAGGEAGA{@BKCE?OEI]@s@EGB,Pará,Castanhal
9066323094,Corrida ao entardecer,Run,2023-05-13 21:08:25,4.0442,1352,0:22:32,10.7676,0.0,|loKjpeaHo@Dq@E_@G_AY_@ICCKAu@SQEIEiBg@MIGD?DBDFB\FfA^RBbAZH?\N^Hv@Rr@HHENBVCz@@lAGHBPCL@x@Cd@@j@Ed@@`@ChA?FBPCF@d@EFIEEMAKB[@QB_B?oBF_@AM@mB?{ABk@BY?[CMGYEMGQAqBk@[GOGOCEEc@KG?k@UC?CDBDXLL@r@TL@PJ`AVLBBBL@ZPH?LFlAV\@`@CH@RCfA?LCD@^Cj@BtAIhA?DCt@@lACJ@BAV?LABGGGE?UDiAA_@DgB?gAB_@Bu@A_@BIASBUCs@DkA?i@MECm@OEEI@i@MMIE@[ImAa@u@QSKED?D\Pz@PdA\b@HLFJ@DDPBFDTBf@Rh@HbDCpCG^@FAH@\GH@h@AH@t@Cd@Bd@EBK[Bk@@UAk@BEA_@?UBEAYBEAm@?s@D]AaBDgB?u@IIE}A]cA[c@KeA_@SC,Pará,Mãe do Rio
9066214390,Corrida ao entardecer,Run,2023-05-13 21:08:05,0.0065,2,0:00:02,11.628,0.0,,,
9060175999,Corrida ao entardecer,Run,2023-05-12 21:56:33,3.3434,1126,0:18:46,10.6884,0.0,jmoKjpeaHeB@i@EkA_@i@K_EiAMIE@ADDDxBn@r@VdCn@v@JvB?tFIp@CzAAzAI@EGE[BGB@HD?FCIKEAIBs@DiGHECIBcEFg@AmCs@sBo@gAUMIA?DHd@R`Bb@jCv@bAR~@@`DC|AEfCA|AEVCh@?BA@EEEq@DwB@}BF]AkBFUAa@@y@?kA@mGiBQC[MKME?GD@HdA^vDfA|@Tt@FfAA,Pará,Mãe do Rio
9054407722,Corrida ,Run,2023-05-11 20:54:19,4.1958,1425,0:23:45,10.5984,0.0,zdoKrueaHjAl@XJh@FXFLA\BRAXB~@EX?VCD@JCT@VEHBTEL@NE\?JCJ@JAHDDE\EHDj@GDCF?XCf@Mh@G\MDE@EEm@GW@c@K_@@G][OBOCeBDe@AEC[DQCU@MAm@D[COB[Am@BEAUBm@AY@MBw@Ce@EKEYAGGWCGEUCCCKCOAQK]IACQG_@EOI[EEEYAKKC?IFc@|@EZM\@Ll@^LDDFjAl@RFLJ|@b@DJh@TJJ\L|@FLFR?PBZAPDX?D@\AJEhNYIKEOC?k@Bq@He@BQC[DiABmAFU?EBEAWDq@BUFQGKAOBKC_A@eACa@Ie@Oy@i@IAQOKCOMeAg@IIc@OYSYGKGPPz@f@LDxDvBn@Vn@HnCBjBCjCQ~BGtCYDCAGKAKF[DyCVyDNOAkBLEA}B?]AcAQo@c@iBcAsAs@a@QEGG?ECUQGKRe@?KBELg@LSFAF@ADBA@TTCf@HbA^j@JLADDb@F@DTDD?BD^HRJh@DnAE,Pará,Mãe do Rio
9038375205,Corrida matinal,Run,2023-05-09 09:09:14,4.7046,2360,0:39:20,7.1748,0.0,bmoKrpeaHg@@QAEB}@ImA[I?SGC@KIWEEC_@GEESCYII?IGk@KYMI@ELCBAHIBIL?LOb@E\XRFD@ADFNDPNlAh@pAx@XHXTh@T\JL@HBX?VC~@D@AN@JBf@ET@BA@C^?z@GN@VCHGBBN@PED@^CPAFCdAAPEJG?ALBR?PCV?BEPALCRAJG[kBEq@GQMGk@BUASBQAEBc@By@AE@MAKBECQBs@?g@BI?ICWBQAEBk@AEBc@@ICk@D]AE@IIi@EM@KKe@KaAYaBc@YCE@UCOGKMG?GBc@tACDALINDHj@\LBHLNBDFND@DHB@D\JHFj@TVRLDHFLDDDXJDFVLl@LTBt@Af@FNGFBBCCCr@BrAI^BtAOD?d@CDBVCb@@^GFEZABCJ@LE@@JCR?v@MDG?GI_@C[EQC_@GY?WMKs@C_AHeB@c@Bu@A]BcBB_@DSCcABi@CU@o@OeA]oB_@a@MOAw@SCCMAIBGXQb@K^CACXBDLBLLv@`@BBHDfAj@cBcAWGa@YGACBADBB`Af@d@ZLBLL`@Lp@b@h@TFD@BH@TNb@Nj@LLALBbAABBP?LAVBLCL@xAGPEf@?v@GH@REt@CRBLGrD[D@@J,Pará,Mãe do Rio
9038208453,Corrida matinal,Run,2023-05-08 22:32:43,4.012,1433,0:23:53,10.08,0.0,`moKjpeaHM@g@Ce@Ba@C_B_@}@[k@M]OQAOIE@GEOCSIGGI@CD?DDDDAXHZLvCv@nA`@\H^B~C?hHMZ@fACl@CFGACMAaEN{@A_IJWASAiD}@sBm@k@UGBBF\HZLtErAp@P\B|@@fKO^?D@tAEF@TAHECGKAc@@QBEAa@@}CFyIHi@IwF_Bk@UECG@ALp@LtC|@tA^z@LV@`CE|@@~FKv@@fAEFEAEGAY?yAHoHH,Pará,Mãe do Rio
9032375882,Corrida matinal,Run,2023-05-08 09:11:35,6.0135,2322,0:38:42,9.324,0.0,bmoKrpeaHmA?CCc@C{A]CC}Bk@m@Uw@OM?I@KXAJEDYz@CRBFHDt@\\TvCxA|@h@ZNb@HdEB`@CjAENC~@Ax@IH@~@E`@Av@MPAPEf@ELMM{@?IIq@GU@EKUKCw@?w@Bc@Ci@Bk@?I@OAkADGA]@aA?yCF_AOqF_BS?]GW@e@pAGXCD?LJJ@Df@Td@\ZL@FNBd@XdB|@dA`@R@VDd@@dA@H@r@AZ@~F[v@AvAOFCVAZGZU?KEQ?OEE@EES@EO{@ACCSIGWC_@BSCyADs@AsCH]CUBQCQBIASBEAS@GAQBOCs@Bo@IaAYUEsA]i@SI@CGk@Gk@QMHERS`@Mb@GLANJHd@TTX^LRP\PH@DHDAt@d@P@BDRFFFD@f@Z`@NF?RDb@@j@Ab@GpA?l@EF@FCb@?xAKlBEVGP?bBSR@`@MM_AA[Ok@C]AEKIK@IEG?NAIB}@Bq@Am@DEAU@]A]B]AWBKAUDy@As@BKASB[A{AB_@QE@SIk@KIGoAYMIYCGI]C_@Mm@IE@GHCJMVCLSl@IL@HHNB@AINLhCtAJJLBVNd@R`@Xl@Xf@JdADl@Ad@Dv@EZ?HC^@^En@AdBKl@ApAOVAf@EDAh@CFB@DAZGd@CB,Pará,Mãe do Rio
9030613885,Corrida ,Run,2023-05-07 21:31:09,5.0138,1909,0:31:49,9.4536,0.0,zmoKfpeaHi@@OCWDy@CcBe@G?_@M[G}Ae@OA_AUI?GBK^GF?HILSp@EFI`@OZMb@Uf@EVEBETKNGZGLALEDCLEBCLILCPMh@CBCLCDALGFO\K`@AHCDOh@GFGTKNAJGJAHGJIVEDILQr@GDYlAMN?HIN?FILGTCBMd@KNo@jBKPKn@Q\EN?NMXI`@W^Qj@GNMj@Sh@ORCPEFALGN?JE@CNED@FIJALIRANQV?FOROv@KNOh@ALKN@DOVEXKH?DINEZMVAHOXEREDKZGJUr@EVITGX]v@?JIFCNO\EREDCLOTGPCBEd@Yd@CXGD?PGDCXOZEPMTAHGJKf@BHHC@KFGBQXa@H[DE?ER_@DUFGB_@HM@KTc@D[LSNi@?KLK?KHOBQHMBM?GFI@KVe@Jc@DEBIFEHM@QHK@KJK?GH]FEAGFKBSAEJM@[BAHYJMBONU@MHK@KHI?KDMAEBONQ@OJMBOFMDYN]@Kd@_AHo@Vc@DEDK?MHMBSHM?GBKHODSFEJW@GHMF]DMDA@QHSFGHSBQJQLc@DE?OHMLc@FG?IFI?EFEFY?MNYBWFQHGBQHKAEHQ@MHM@GFMCGBCDUN[ACBIFEDQLOHMAEBEDEFEp@Xx@R^NLA^HN?F@FFr@NBDPFJHN?JFF?d@LHFNDRHHA\NPBv@XZFFAXLRB`@V^Jb@Tj@PRLVBDAFFv@NdA\^`@J?LJF?JFJANB@B\BNFDAHHv@VDAFGFWFC@IDA?EDE?KNU@IFQBW`@gA?IFMDY,Pará,Mãe do Rio
9023744023,Corrida ao entardecer,Run,2023-05-06 20:22:41,4.1686000000000005,1776,0:29:36,8.4492,0.0,`moKfpeaHOBu@?g@C[GYMM?OIk@Mc@OmAYMIWCCEKCq@GIDKTILOd@?JCBIZ?F@DRLF?TJtAv@F@RLHB`@XD?BHL@HJPFb@Xp@XLADBt@Br@?FBXCNBDCT?b@DHEp@ABC`@?NCH@j@GR?NELBLCnAEz@ID@d@IJ?t@KHKIm@CECc@EO@IG]?SEKWC_@Ai@Ds@ASBkB?CBcA@a@COBYAa@BsAAKBa@@c@AqBa@uAe@K?OGiA[QKE@OGQFUb@AJGLWx@BJFF\LJHNDJJl@XRLXL~@h@VHp@b@l@PP@FDLCDBv@Dn@AF@BC^D|@E`@GDBVEN?d@EJ?PAT?dAIP?JCP@TCF@~@KHEh@IZ?DICOMy@Go@CGIg@GIeAAMBuBAWDICYBs@@SCa@DEAuBBGAcABIBi@Cg@Ks@UI?SIi@Ks@Sa@Qa@EQ?GEE?UGSAQb@EDAH]bABH|@b@NN^NNLL@@DNFRJJDJ?ZTHJ^Jj@`@b@LfAF`A?ZAt@DdAGj@A,Pará,Mãe do Rio
8999188730,Corrida ao entardecer,Run,2023-05-02 21:15:36,1.5352999999999999,936,0:15:36,5.904,0.0,hmoKlpeaHqA@_@C_@GuF}A[OQEMMC@?HBFd@T`@LlAXrA`@TBFHL?v@PlB@b@ExCAPCz@?LCb@@NCF@^Cl@BFCJ@DBECA?BBVAb@GNFRpAB^DJ,Pará,Mãe do Rio
8993094602,Corrida ao entardecer,Run,2023-04-28 21:05:25,3.0821,1448,0:24:08,7.6644000000000005,0.0,~loKjpeaHoA@u@KMGUAo@QOCQGOCSKKAw@WUECCo@MWCIFQ^a@nADJRLJDHFHB`@VD?d@XJ@dBbAD@NJ|@`@ZJf@DLAZBVALBt@CDB`@?`@GD@V?x@EP@r@GL@f@Kd@AHCx@CpBS^IDMEYCIIc@QyAIKa@FS?m@BOAu@BOAOBo@AiBFm@?EE[BU?QBKAMBQAGBKAG@[?i@C[IMGu@OQIG?g@MyAe@eAUQAQBKJWz@EFK^@JNNLBzC|ARFRT`@Lt@b@p@TFAPDl@@FAz@DTCj@@f@CvAMLDP@HCx@?f@Ef@@tAMJ?TEt@KR@BD?RDTANIVA\Wn@xAr@F?t@RDNADIPMj@HFb@LZNLBF?TPl@Jl@XCCCJBEC@F@@CE?@BB?ACB@AAE?DAE@B@?G@AEB?FBCABAAAH@@IDG?B@FEABAA@?,Pará,Mãe do Rio
8974008499,Corrida ao entardecer,Run,2023-04-26 20:48:47,4.4176,2389,0:39:49,6.6564,0.0,bmoKlpeaHuA?}@MKGG@_@KYKQAsA]o@UeAW[FCPEHAFYx@GVBDRNJBDFTHLHF@d@Xz@\r@b@H@JFp@b@bAXvCFpAABCdAER@JCxAGh@G\AP@BCb@?b@I`BOFGGo@Kc@ASMo@?MCISEyBAUBGAE@[AkBDI@a@AiADu@AEB[?CBe@CEBYCU@c@Ek@?EEG?@AC?KK_@Oo@KiAa@UCCEUCECq@KCBGFANYj@?DMd@@JRD~@p@D?xAv@b@TF@~A|@^LXBP?TBDARBl@AH@VAb@@DA`@AJCl@APCz@C^E^AT@~AIDCnCWBMCEAO]gCIIEAUBCEYCo@Bo@Nq@I[@EAS@]Ag@BMAYBwA?YBqABs@AQCO@QGk@IACBBSMWCCCK?SMw@WI?]MIEYI[IGBOCGBAFMRM`@C@APEDGV?RLH^NH?BDXFRTjAl@JJLDd@R\J?CPRj@VRBnAFdC@x@CN?r@Ir@?@AnAGLF^BzD_@H@DF@AC@?LFHA?,Pará,Mãe do Rio
8950822697,Corrida ao entardecer,Run,2023-04-24 20:49:53,6.0198,2104,0:35:04,10.299600000000002,0.0,~loKnpeaHk@?iAGw@MiBm@uBk@k@IQBIPc@rACNHNhAj@`@N~Ax@bB~@RHd@Jl@DtB@xCIhBKp@IjAEbCQLEDEKw@MsAGYGGYGwILoF@e@EkAUoEqAe@GMDYt@Ux@@HNPdClAb@P`CrAt@R`CD~DIlBK\GjBG`BOXEDE@IMm@WmBCGQEYAwBDGCMA{@FcB?uGHuA]uDeA_@Cq@OG@EFm@hB@FNRXHl@\TDXL\Tz@`@VPxAv@NBbBJlB?fAGn@?x@IbAEbAAZMH@dAMhAIFCBE?MIUEQWoBMGS?SAkCBcCFqB@g@BgC?iASiA[s@UUEa@OkAYWOG@AFBBt@NjA\b@PvA`@FB@Bv@Rt@HxBCRGRArCCn@?dAC~@?|@CFEPBFACAOBJGqDBgABWAa@@[@CBBFF@fGKv@CR@D@FJB\PjA,Pará,Mãe do Rio
8945753264,Corrida ao entardecer,Run,2023-04-23 21:12:39,6.0141,2128,0:35:28,10.1736,0.0,zloK~oeaHy@FKCEB[GI@s@QG@{@[G@m@SE?QIa@I[MIAECs@SIGEFFJTDb@T`AVnA`@VD\Ll@NHDD?XD`@BTCB@TCzA?RCF@z@?jCGr@@JCz@A^@PGD?FETBFAAGEEE?U@cAE}@@o@DICEBm@?SCWD{A?UBOC{ADIAQBa@?oAOECoAYSIK?]ICEOCGEE?a@ME?QIG?OGIAIEGACDBFPHJ@l@TRB\LJ?JHH@RHf@LLFb@HjA\PALBtAC`@@v@EV@@BJENCf@B^Ej@BTCDBPEN@t@AL@NC`@?l@KDBN@@IGEc@AICY?MBEAU@CA_@BYAg@Bg@AcAHo@EE@]ASBg@AWDm@@ECIBy@ACCYACEI@QEQCKGm@MCCg@KGGqAW[MWESK@JBBn@XTDBBH@NFn@N^NJ@PFJ@HD`@FXLL@JDN@BBXBLEfA?HC\@VADBHCJ@\CH@NAD@RAD@LC^@VCL@D@ZAN@NET@NENDPEJ?BCTBXEJEHB@EKI[@wC?}AFk@AW@CC{@DECUDq@@g@ACB]CU@QEYAYIQCCC[EWKa@ICEM?ECUEm@UgA[I?EF`D`ABBTJf@Jf@HF?FDd@JDDBAh@F|A@REL@^ALBLC\BlBIj@@h@CDBBAh@?HClAEJEVD@AACKKQE{@@QBEAY@EAgAHKCWBc@Cc@@SBQ?EAU@m@?QB}A@k@?k@COCo@Qe@I{@YeAUUIACG?YEa@UKD@DNJLA`B`@PF@Jf@Ll@LVHTDPFn@Ld@DzCA|@Cf@@^AzA@FCpA?hAMLAP@NFBDJx@DJF`@,Pará,Mãe do Rio
8915650692,Corrida ao entardecer,Run,2023-04-18 21:23:44,6.0163,2166,0:36:06,10.0008,0.0,|qjgDr~hgHB@?JDB@XVr@T~@D^?ZDTARBB@DAXBHADFPBXBD@ZDJ?NFVHL?LTr@NTPj@tAlB@Dv@nBJb@@LHHBb@NNAHNXNp@@JHR@VTdAPh@@RBVPn@Hn@DJDXFV@DEF@DLXBJANFZAD@J?J@NAN@d@CDBp@BN?ZDPAFBB?ZJRCJDb@CJCA\MENb@rAp@lAFT?HHDDHF@Rf@BPFJADJJ@Nd@rADXZr@BRXr@F`@HRZxALt@b@zBBXZfAVl@b@p@p@v@p@h@`Af@^NL?PD^DLFb@@@BT?TB`@EH@VEN?j@SN@z@MNId@I^?^KR?LGVANQHBDCb@IVIP?l@KPIL?JONIHARQ`@ORS`@[HAFIDIZQ`BoBFONQFOFGJU@IJINSFCTa@FCFIf@Q`@WDAT?VIf@APDDAJD`@CVDFAb@HLCR?JFTATKLJd@C\IFEVIj@a@HGJUX[@GFGFSP[LOHSDAN]LIf@}@HKB]J_@G[@y@Co@Wm@COOSc@_@GMKEGMIEO_@OQGMEWGE@GDCGa@?WJM@QT{@DCBQDIL{@DE?GOx@q@fBANGREZDRLH@BEP@FD@D\RPJTNLFPXVBLVVL^RNHN@D?THT?TI^@NCN@DGJMb@m@jAOPGR]XCLQRGPKJMZYRGLMDYRYJKFcATS@SE[@a@Ie@Ca@IQDK?AAU@OCSDSAI@EAMBUCOFITEACFiA~@c@t@E@MR?DCFE@U`@SRAFSNKZOLAJMFCH@@SDe@Tc@Xe@b@KDIH{@VADMDEDQHI@[HGAO@IFy@@ODMJGAYHEAq@T]@_@NK?k@JEAIDEAKDSAM@OHQDUAUBICMBYCOBI?wAYGEMAUIGIMAa@YOGCEGEGSm@g@a@s@o@sA?IUo@MiAGUE_@EGEg@GOAKEK?GCCEQIQQs@Ui@?GKWUoACE,Santa Catarina,Florianópolis
8906962394,Corrida em Floripa,Run,2023-04-17 12:55:26,6.0316,2157,0:35:57,10.0656,0.0,`jkgDbfkgHHZLZDVDDb@xABPRr@Db@DDZfBD`@FV?FJTZ`AJJJV\h@^b@\X\PBDXN~@b@~@R^BR?TBRCD@Z?l@GFCP?NCFGP?b@M`@Cd@KbC_@DCf@I^KPCPGRAROPCRMPIBCl@_@PIf@Y@GTIDIHENS@ED?JMHEZa@DCXe@DCDKHIP[HEDQDAJWZWN[t@i@BGPCNGVENCNBDA^@JCd@FFCJ@XHX?ZFDCBDD?BENGFINAXB`@ELBDGt@QNI`@[FKHELWNQFSDCFMRODKV_@NG?GBEDAHOJ_@HM@QJ]DGCWDMAKGKDSIg@Bg@KQ?UIOWSOUUQAEIEEIQMG@GIAGDS@[?CE@OOEK@?AKEAAE@QDSFI?MFMAGHIDQ@SJ]?MNe@LWD]N[HI@SDQP]DAPk@JOTk@FENe@j@{@?GFMFKFATa@HI@GHG@GFEP[LC?GHMNQ?ENE@EFGFQF?JMNI?ETOl@m@^e@VO@ELQTMHO`@S?E`@c@VMVUFMVSf@i@LIF?VM@EEMHm@C]Mk@MKS?IBGCC@?T@?Hn@?d@@LAPCJG@KJAAIDADABBFC^c@b@A?IJGBWVg@`@[ZE@EJSHAFa@VW\m@^AF_@ZAFQXQJMPm@p@MHSf@UXIPG@Qb@KJo@nAU\AHIJMb@e@bACNMTOf@INQr@CXKTGDI\G^?DEH@FERIV?l@@FCBFZJHR\?HHVD@BWX^?ND@DJZXNR?FRPTlAG`@Fl@CGWdAO^aAbBIH{@rA_Az@EDs@XKFWBQFUCS@ECQFBIq@BYEWG_@@SG_@@OCm@DGCm@L_@V[ZYVEJIFYn@u@hAQN_@l@aAz@ELOFe@`@uAr@G@GLI?GBK@UJODQ?EDcATGKC?ABQ?q@RMH[Fa@PS?YJK?SHm@FI?YHI?[F]@yAA]Ec@KWEe@QK?k@]u@k@]a@{@uACMQ]AMGSGIAOEC@EYkAIk@CEI_AG[Oc@@IIIAMQ]G]Qe@IICOIE?SGUEMQ_@K_@,Santa Catarina,Florianópolis
8906555723,Corrida matinal,Run,2023-04-14 13:43:44,2.5595,1509,0:25:09,6.1056,0.0,bhuGzqsfH@OLi@l@mENq@@UJs@FOBWCMFKDACCBE?KBYCe@B]AGBKCa@@KEI?OJmALy@CY@CA[DID}BBM?YFS@S?eADs@IqASc@OQD@C@?AEOGAGFIMFLB?BEIOMK]g@ECCBACCGECQQCIBCEGMOWQ?MCI?QGG?YEIBMCEDIAEBI?OGICSHe@CKDOFMB]L]?OBCD[?c@F[BCAIBEBi@X}AB}@Nk@AMDWCCA_@TIDSAIDGASD?HY@@KDHIDKBSCGFKAEXe@@IAEB?CG@KBABQFEAGXk@FELQ@CCMBEVOCYJQBQNU@I?IBOCa@D[@m@IQIi@?SZGDSG[FOGk@@UAWBk@CI?a@DK?a@?QBECS@OAEBE?QCE,Pará,Belém
8856658280,Corrida ao entardecer,Run,2023-04-08 22:34:03,0.0013,3,0:00:03,1.5191999999999999,0.0,,,
8856632179,Pedalada ao entardecer,Ride,2023-04-08 22:00:50,3.3258,1375,0:22:55,8.708400000000001,0.0,|doK~neaHf@PH?v@VN@FDF?DBHCLBvBA`@CB@JADBTCz@CFBDCR@h@CF@l@Cl@@HC\D`@CX?PCZ?F?BEAEEAQ@k@Ay@@}@Dg@AeDFIAwA@WB[AEBe@?y@KeA[]Ec@SMAQEsAg@QAg@OG@?DBBpA\hCv@N@bB`@\Bz@@pAEj@@dBEn@?RCh@AF@f@ANBDCt@@BCH@d@EVBBAAECC_@BoC@mAFKAuBBK@}@Ca@DkBB[CWK[E_A]_@KOAWIq@QMG{@UMGK?BJD@BDrA\J@lAb@n@PF?\LJ@^Nj@FP@TAzA?d@EvBA^Cz@@BAR?TET?JBNAFCHBDAP?FAn@@ZADEEGy@?iBDGAUBSCYBsA?_@Bo@AIBq@?IDe@E_ADw@Cq@Uq@O,Pará,Mãe do Rio
8850305712,Corrida ,Run,2023-04-07 21:07:08,3.5995999999999997,1336,0:22:16,9.6984,0.0,lmoKppeaHaB?e@Go@Qk@MkCw@WGu@WSUE@GH@J^FHDpDdARDjA\d@F|@BfDGx@?|@EbB?tCC@C?CKE}@Hy@AyCDiAAmCJoA?u@KIEk@Mu@W{@Qa@Qw@Qk@[E?EDADBDTD|@ZRBpA`@|A`@ZJPBBBVBpAA`@Ab@@j@CjBANCz@?^Cr@@t@CbA?FEAECCWBiCBk@DUA_ABa@AyBFaC@mAWG?q@UkBe@OG]Ig@SIAMOG?GJDFR@b@PrCv@`AZN@^Ld@Dj@BxAExCCz@CF@\CR@DApAAHAv@?XA@E?CGAOBeAB]A{@BOAyAD,Pará,Mãe do Rio
8836192600,Caminhada ,Walk,2023-04-05 11:19:49,2.1326,1394,0:23:14,5.508,0.0,b_pKdveaHAIEK@MIa@Gm@QYGi@MGiBJ_C@{BFSASBqB@O@qA?aAQaBg@w@Qq@Uu@QKI[GEDETMZWx@?HNL\L~BrAVHFH\LdAl@v@Vl@FbDDz@IV?nBQp@?fAGtAMTFr@IR@FFAJ,Pará,Mãe do Rio
8836059716,Corrida matinal,Run,2023-03-10 20:30:36,2.1326,733,0:12:13,10.4724,0.0,b|oK|oeaHcAD}@@IC_ADKAO@uFHE@u@?E@e@CEBiBe@QI}DgAYAS@EF@HS\Yv@?\LHrAj@v@d@nAh@rAv@t@P`ADfBAV@tAGB@RAF@VEXAXCj@Cl@Gl@CnAOz@E`@EFC@EII?QKe@@II[Iq@EQyAGmDHeB?iADeDDi@I}@UQAGBUEsAc@]GUKWEKIWCKGM@CBEPORERINCPIPADBHFFj@Rn@^ZJ^TFBH?A@VRH@,Pará,Mãe do Rio
8692629696,Corrida ,Run,2023-03-07 20:21:56,4.1812,1469,0:24:29,10.245600000000001,0.0,z|oKbpeaHCCOCCBq@Ci@BsBAUBm@?E@uADKCUBKAE@U?C@_@AK@KASBIA_@Bm@Ga@OK?GEM?EEk@OSIE?[ICCQCEEMAEEg@K_@M]GKDQb@CJEB?LKP?DMV?F?DVNBFD@`@TH?LLv@^F@PLjAn@|Av@FATHR@L?F@X?N@^ABBTCn@B|@EDC|ACDCT@REnAEVEz@E~@OX?n@KBMGk@UsAEe@QIy@@{EJECI@e@As@BMAs@BOAY@GAKB}@Ac@@g@GSKE@GEE?[Ig@QwBi@w@Y]AE@?FYj@CNGLOf@?Fl@b@dBx@xAx@pAp@b@Nv@F|@@p@A\@dCKbACh@GP@HCbAGD@f@ELCJ@NEH?FE`AILMEGMsAIW?KKm@kBASBqC?qAD}DBw@Ba@CmA]QCm@UYEI?mBq@i@EO?Sn@a@x@ANDFt@h@NDTL`@Pz@f@F?ZNDFHBJHVJLJ\PPB@BPDN?FFDCVD`@CPDLCNBVCJBhACbBKV?h@EP?\Ej@@PG^Af@ItAK\GDE@GEWCa@IWMcAIQc@G,Pará,Mãe do Rio
